sample id,signal strength,attention,meditation,delta,theta,low alpha,high alpha,low beta,high beta,low gamma,high gamma
0,0,47,14,645099,10794,814,16687,23023,28252,18471,24338
1,0,44,7,101701,40733,4130,731,578,2543,1536,2996
2,0,40,4,749068,148760,28417,21363,24013,15383,19746,16793
3,0,38,14,1424839,393788,110174,32255,37433,29006,14169,11108
4,0,21,21,1361707,209396,176985,21027,32389,32752,18557,46012
5,0,29,29,116902,103460,18456,32477,11505,24875,9715,7737
6,0,34,30,106095,66112,9687,22745,13427,13709,5775,3772
7,0,34,40,96886,12704,4685,15084,6554,1858,1483,454
8,0,23,26,2858578,1014852,65779,66459,51426,18999,14174,6915
9,0,13,23,16853,80596,3986,13527,3819,3676,1533,3614
10,0,10,27,48070,23426,5520,17803,6352,3440,2898,1777
11,0,21,24,16859,9959,3801,6563,2467,5844,2551,1114
12,0,30,37,11210,17915,8544,8420,6445,3031,1914,1150
13,0,43,44,1636931,7581,3164,7062,4604,4130,1782,2444
14,0,43,44,397262,65825,55732,4360,15213,9006,5182,1624
15,0,41,43,31876,9463,5666,2721,5786,4055,2330,1440
16,0,43,38,16652,32791,4626,8819,3360,5592,1802,1412
17,0,41,37,12308,29090,11599,8796,5921,8198,761,2588
18,0,38,43,14331,20240,46893,13294,8046,3529,2295,3509
19,0,21,38,127458,27322,6164,1226,5637,740,933,730
20,0,26,40,16020,14562,5953,4582,3032,5705,1990,2461
21,0,34,38,7185,5500,1815,2889,2866,4175,3036,2032
22,0,44,23,3679,9474,963,2415,4244,3259,4053,3031
23,0,57,27,10824,14436,2490,7940,5957,3892,2279,1540
24,0,53,37,8659,7336,8315,14629,7288,3256,7582,1990
25,0,48,30,8558,14050,5113,1103,10873,4618,2321,1170
26,0,48,43,8806,7469,5812,7760,3410,4477,4436,1557
27,0,41,40,8099,50575,14646,6392,8366,4562,1841,1971
28,0,43,29,8841,19346,1727,8015,8980,3857,2748,969
29,0,37,37,15143,15516,10449,3944,8560,3266,1294,3102
30,0,37,26,8077,23159,2083,6662,6685,6548,4067,2265
31,0,44,23,6554,18124,3695,5198,19007,6020,2371,1615
32,0,44,24,17593,35761,8754,9672,8866,7058,2768,2039
33,0,47,17,15768,48784,4320,13556,11642,10117,3901,940
34,0,40,27,5983,24401,30667,4679,7950,5001,2736,1751
35,0,40,23,22189,21654,1456,1172,1519,4910,4572,2308
36,0,41,24,207107,38282,6196,20086,7006,10970,4835,537
37,0,47,27,20882,8330,1906,9320,12079,5794,2823,1532
38,0,48,29,7891,11716,11512,9170,5532,2912,2714,2244
39,0,40,35,253763,84296,9705,10416,6458,6543,1194,1740
40,0,35,26,30739,53311,3823,6379,8459,5272,3024,1792
41,0,23,24,23004,110652,20701,20787,19410,8536,5491,1563
42,0,24,10,34251,38941,2884,4226,6209,4239,1811,2507
43,0,16,13,214008,146175,37696,23112,25166,4033,857,1594
44,0,11,14,1292272,212501,21011,18507,21175,8111,5886,3338
45,0,14,23,31437,18484,8921,23504,5926,5164,3304,2542
46,0,14,34,187720,50941,20598,13664,7553,9012,4251,1198
47,0,27,34,84511,10417,3188,2475,3491,1992,1074,458
48,0,35,37,13167,22899,3185,4427,2884,3107,1960,1723
49,0,37,21,19129,40155,1577,6368,5722,4731,2132,997
50,0,34,23,9374,22891,3878,15420,6146,3046,1838,2402
51,0,44,24,9277,4590,3789,2609,4026,6094,1480,810
52,0,41,34,1979,26401,18117,12740,10206,3812,2019,1008
53,0,43,41,14516,14569,7155,5370,8327,3654,2622,1232
54,0,50,43,14699,28646,20531,8204,7165,9602,2088,1731
55,0,47,50,28350,7339,6691,15538,4710,9347,2700,1630
56,0,47,40,104793,30905,7052,2093,1223,2703,519,434
57,0,53,40,30965,5886,3307,3930,5155,4702,1480,1243
58,0,47,26,108083,82570,982,7855,10490,6642,2748,1855
59,0,30,16,2145112,423776,80929,42939,46100,20064,7700,4209
60,0,38,21,53417,9602,3333,4612,5520,3204,1040,1601
61,0,27,21,100061,40986,18559,7880,5831,6800,1989,2332
62,0,30,40,42961,59849,60700,24797,22381,13002,1530,2067
63,0,41,43,13276,25086,3137,16991,9961,6976,1757,1999
64,0,40,34,17298,18185,1250,1976,4530,3295,2047,940
65,0,41,37,7940,6774,2639,7406,6496,2037,1016,2350
66,0,51,30,7388,7430,6276,2371,4138,7167,1439,1461
67,0,51,35,8450,5161,8681,5253,9898,2652,3102,1542
68,0,48,53,12730,29532,34502,33705,14620,9261,2245,1831
69,0,54,48,5895,13907,3617,6110,5163,7469,2826,3903
70,0,50,53,26128,9662,11997,6028,5234,5327,1629,478
71,0,51,50,670,10219,4483,3665,5440,3510,5397,1197
72,0,54,35,18017,21987,1682,5112,11486,4820,3463,1074
73,0,54,29,5705,13747,1852,4065,9640,6246,1343,2530
74,0,54,17,50586,8958,1389,2057,4857,1961,2131,1785
75,0,53,20,23167,7041,5172,5612,8748,2857,4658,2197
76,0,51,23,4992,32931,6309,5656,2777,5607,1772,2554
77,0,47,35,4954,20892,20390,15098,5127,7396,2468,1721
78,0,47,48,27781,6798,9091,12311,4959,4144,4108,1290
79,0,40,47,129021,101773,9075,32288,10257,10173,3127,2153
80,0,41,43,48118,18549,1984,4238,6027,4734,4140,1120
81,0,41,40,23293,24354,6072,14678,6344,6223,3239,2044
82,0,41,38,6389,6293,9176,7970,4389,4056,1940,1398
83,0,50,41,11188,4819,5453,5912,11691,3315,1784,1200
84,0,53,43,36984,28961,3470,7609,3219,10255,3577,1832
85,0,51,44,19449,13292,2919,11682,4111,3321,1611,1344
86,0,51,38,33826,14251,5754,5076,4318,4262,1950,1430
87,0,50,34,16180,16327,5139,4105,8920,4307,2877,1948
88,0,47,35,5494,11230,1343,4143,4092,3263,3116,2313
89,0,37,35,70291,79331,42961,32926,24151,4154,2369,2478
90,0,20,24,163146,279864,26460,10008,7186,7104,1946,3303
91,0,14,34,61902,34053,33559,11534,10761,6464,5949,2564
92,0,11,43,10685,7251,8279,6702,3114,2533,1890,1075
93,0,26,38,6474,12568,1239,6050,3754,5113,3930,2267
94,0,35,57,6419,18321,8835,24148,2195,2931,3662,2259
95,0,37,57,24323,26898,21743,16874,2905,7190,1398,1655
96,0,41,54,3951,18173,20814,8426,6054,11263,2467,2273
97,0,38,51,438720,82342,15171,7748,11093,14409,3676,3268
98,0,43,47,9664,16838,9686,7119,2122,3846,2077,1003
99,0,50,48,11258,6075,16266,815,3164,5645,1928,1425
100,0,53,43,7270,9725,6977,7119,11066,7091,1827,1278
101,0,43,48,8684,22978,7067,5123,4812,1625,2359,2513
102,0,44,35,4514,22004,2430,1282,3216,3491,2573,873
103,0,43,27,15060,14667,12843,1374,5931,5838,3140,2057
104,0,35,37,11098,12340,32823,14996,13075,6454,3146,1639
105,0,50,41,7141,5449,7680,4508,4509,5482,1866,2381
106,0,48,56,31964,16475,14077,15304,9307,5171,2503,897
107,0,47,53,49320,13579,5765,1664,6698,3303,5549,2702
108,0,44,50,9105,9843,8603,7611,6271,2238,4428,2200
109,0,38,41,15360,30890,3229,7659,4802,4979,4081,1002
110,0,37,41,7926,21315,8871,14103,5190,3605,5144,915
111,0,34,38,22806,43407,3010,8101,2339,5293,675,3105
112,0,35,35,4608,16126,9638,3920,1732,3695,2271,896
113,0,35,47,74967,22713,12090,35877,7679,8180,3509,1961
114,0,37,50,10709,17045,10154,26693,4040,6221,1058,3400
115,0,35,61,113414,9500,6371,5386,2000,1413,603,349
116,0,43,63,63364,6359,11976,5919,6293,7910,3355,2203
117,0,50,57,18461,6348,8071,6426,7686,6583,7261,2179
118,0,40,50,423725,149254,47219,19118,14280,7623,5669,1880
119,0,51,40,12901,18601,209,6590,6667,6972,3517,1698
120,0,40,38,9837,13209,5387,9919,5551,2335,6687,1850
121,0,29,30,9421,48654,5753,14387,4133,5526,4198,1274
122,0,40,29,4758,14970,5318,1075,3619,2840,2715,1482
123,0,35,35,25070,17218,5707,6413,5607,3683,2080,1406
124,0,41,38,33133,3791,8799,10038,7529,5189,2258,2156
125,0,34,34,671212,190919,26040,5906,11845,5417,3525,5504
126,0,29,43,32456,18900,15586,24292,8288,5297,3165,2779
127,0,30,43,28326,16491,9421,3212,8592,4490,2348,1662
128,0,24,43,12267,15606,22582,5540,6553,3809,1285,3529
129,0,27,47,204009,101381,885,25453,6181,5410,4188,1358
130,0,34,41,19022,27281,17767,10924,6212,8239,3635,1732
131,0,26,48,3463,30813,26946,6549,6105,3826,3938,1005
132,0,27,51,8502,11493,31199,7523,4361,5599,2919,1697
133,0,29,69,13187,12629,45560,2322,3937,3345,2057,990
134,0,26,77,12130,9261,23021,12781,3378,4638,1439,2428
135,0,29,69,55025,35167,9672,3684,4968,3910,2016,1614
136,0,24,54,410932,107528,28551,7191,11014,7244,3142,1154
137,0,35,44,5609,9904,6353,7254,7864,5816,4838,2065
138,0,37,38,1587,14841,17366,4139,3856,4885,6428,1997
139,0,34,43,48151,21505,21093,3442,14108,2386,4100,1647
140,0,41,54,7887,10877,13373,13758,4769,6113,4871,702
141,0,38,51,13862,15583,9362,1379,8687,4218,1394,992
142,0,43,50,14080,14141,11749,5100,4073,7490,3945,1747
143,0,51,47,10924,15010,4987,10232,21189,5127,4410,1366
144,0,51,40,5403,19315,5464,16405,11727,6278,4534,1033
145,0,44,47,514578,20136,16092,7130,2576,3286,959,950
146,0,40,41,263082,105221,29219,21422,19722,17828,3513,4613
147,0,30,43,160352,15255,5267,4332,3008,1562,792,264
148,0,20,38,96611,53172,15027,2290,4356,2021,1533,554
149,0,29,23,62492,20889,2119,1971,6663,6090,9108,4165
150,0,34,24,75278,33864,11385,16753,9713,10640,4196,5134
151,0,30,26,146867,18216,7740,6132,4566,1645,1058,1036
152,0,40,26,27445,48354,9901,8791,9121,5836,2110,962
153,0,40,29,3839,32423,4209,2456,2176,9523,2421,1225
154,0,40,30,4841,16545,7495,9139,3833,5996,6669,2896
155,0,37,27,105749,93646,34169,8751,11285,5094,3901,1630
156,0,43,40,58239,5537,14231,9324,6470,5743,2156,1643
157,0,41,40,6108,20630,2207,3112,9989,5079,1689,2540
158,0,37,37,127849,55969,24378,15225,10050,7594,1612,961
159,0,40,40,82997,32309,13313,11996,10416,3220,1464,1981
160,0,41,30,35695,21773,6762,9056,3199,8577,3026,2469
161,0,47,34,16764,15713,1830,2623,2662,7638,2797,1371
162,0,53,35,2451,16629,4317,15516,4754,6598,2515,1626
163,0,64,35,51654,6749,3900,6275,7902,4426,2916,1082
164,0,67,37,34127,6570,4963,5668,4687,6876,1285,1327
165,0,53,38,19809,61835,6459,9441,9235,4564,2325,1909
166,0,47,34,349150,10988,969,3733,856,1271,472,363
167,0,40,30,9085,21764,4326,7748,5484,3079,1645,2561
168,0,27,38,19785,10967,25908,9260,8085,4465,1731,1389
169,0,24,57,9364,15000,39351,36840,7459,3688,1324,2128
170,0,26,66,7326,10142,12537,2985,2367,2143,3819,1086
171,0,24,78,2390,12412,25135,4673,1099,3208,1150,735
172,0,20,80,26555,25474,72046,9058,9280,4784,2489,1641
173,0,24,75,20701,21245,18099,28882,4764,5327,5121,1289
174,0,29,69,9387,14045,14565,1123,5924,4802,1779,1673
175,0,35,48,18863,21414,1978,1393,8126,3602,2373,915
176,0,47,44,18483,7151,5484,18155,8937,6302,3193,4652
177,0,44,43,8278,15055,8994,19264,3221,2624,2870,852
178,0,37,50,20421,9234,21029,5822,5414,2233,3688,962
179,0,37,75,23927,3725,20932,10946,4492,5031,3699,1739
180,0,21,63,42889,64908,6520,11543,5395,2651,1603,1578
181,0,21,50,16714,53825,10842,3499,6357,4177,3623,1045
182,0,34,40,325755,7803,2911,1077,1164,2899,864,460
183,0,29,30,2898,15795,26161,3721,11644,3973,2213,2915
184,0,38,40,22358,14032,14811,6504,12145,3439,3060,1920
185,0,41,44,124108,28592,5390,10873,2784,4303,2401,1578
186,0,38,47,36040,16668,10342,2036,5770,4380,3470,1331
187,0,48,40,12650,10588,4112,4113,4684,5834,1383,1390
188,0,53,40,19818,14134,8932,7717,6356,5998,648,1721
189,0,54,43,9974,18975,14914,2111,4516,5181,3090,1402
190,0,50,41,22512,36291,10425,8324,7731,3790,5242,646
191,0,43,44,31178,13277,7608,4888,4994,3286,4810,1540
192,0,43,47,31048,22857,8851,22858,6044,9395,8542,3740
193,0,47,44,5762,11344,4060,7260,6264,6315,11047,5081
194,0,60,43,10986,10846,5433,3140,5661,6571,2540,3705
195,0,61,47,15058,11480,4948,9454,3108,4252,5892,1885
196,0,61,51,42504,3939,7531,17895,6432,4914,2096,1542
197,0,56,53,33180,16337,6052,14777,13321,5839,3157,1224
198,0,51,53,43581,25775,2736,15643,6555,7269,1819,2108
199,0,50,38,35754,41825,1083,4066,4233,6150,3445,1938
200,0,44,23,11214,47227,6737,5814,5117,4514,5051,2425
201,0,43,30,39426,5925,38192,3133,11177,5776,2701,1604
202,0,50,35,6034,3304,6950,2873,5255,6457,5736,1425
203,0,56,47,17481,6242,2317,8389,8621,4996,3038,1219
204,0,63,44,25636,17454,3661,1847,7407,3985,8178,1228
205,0,64,30,16121,11666,2156,3411,3002,2976,2570,1346
206,0,54,27,37572,20068,2851,8534,4043,4100,4021,1570
207,0,50,23,35119,29550,6682,4981,1769,6152,2306,4046
208,0,43,26,23168,61314,10008,7474,6819,5290,1465,2148
209,0,44,27,7624,16234,4051,4242,4543,4664,2586,1439
210,0,40,30,11310,34570,13105,21035,7586,5449,4011,2951
211,0,40,38,31863,12875,5966,7112,3015,3925,1639,859
212,0,40,40,30486,50008,10986,5098,6147,3954,2258,1809
213,0,34,40,16964,24556,9380,4010,4007,3621,4309,784
214,0,41,34,15836,14026,4833,2193,3235,5441,2140,1653
215,0,40,29,20992,21702,2844,11028,3478,4421,2627,648
216,0,40,27,5756,68031,5128,14016,25112,4530,4702,2207
217,0,41,23,28006,41708,4139,8795,3746,7406,2692,1570
218,0,37,26,109545,38075,17025,4161,7908,7401,1630,1191
219,0,41,23,23677,19686,3122,7499,4233,7215,3212,3033
220,0,43,27,77343,40929,3777,22322,16207,4373,3270,2620
221,0,48,35,44456,20355,12804,10855,4297,9668,4035,1362
222,0,47,38,16627,13580,10335,2880,4800,3048,2628,746
223,0,41,44,27591,16758,1860,15712,1794,4174,3092,3997
224,0,56,48,1796,11258,13103,2580,5335,13410,4313,1976
225,0,48,40,20168,31705,3638,5460,5443,3084,2252,2117
226,0,53,44,282229,7390,9182,13513,9148,6053,1787,1360
227,0,56,40,50454,19368,11597,3344,8481,6638,2069,3124
228,0,48,34,5851,30163,4734,4169,4859,6390,3508,1622
229,0,53,44,14625,8408,12627,3196,4220,3881,3923,3263
230,0,54,43,24222,11101,16777,3280,3495,6936,2011,1466
231,0,43,47,5206,27699,9426,14969,5635,1972,2764,2808
232,0,43,50,19587,33650,12333,4573,3819,8116,3217,1313
233,0,38,35,26009,34915,1455,3981,3402,4075,1071,4364
234,0,37,29,4647,16211,8182,6600,9904,4859,2153,1430
235,0,48,21,13782,20385,3719,2167,3608,4765,718,1633
236,0,50,34,12712,3791,17715,13382,11194,6415,2428,2856
237,0,43,51,120349,19809,21950,7638,3155,2608,1484,2598
238,0,43,43,16081,19954,1873,4011,7497,3782,1718,2827
239,0,40,54,515672,35845,42704,25323,27630,10983,3333,2570
240,0,43,47,17701,19513,11201,7180,10020,10454,3627,1795
241,0,51,35,16548,16697,4496,2483,5944,3670,3894,2317
242,0,56,41,5641,9807,2032,7130,4602,5732,3487,2622
243,0,56,41,13474,12496,16318,11909,12157,4221,3506,2509
244,0,44,48,6815,27093,4913,34686,4245,4061,5978,8849
245,0,47,44,12018,16916,515,3755,4920,4249,3774,958
246,0,43,48,34642,16207,18480,3713,8637,6613,3327,899
247,0,38,38,76901,17509,3501,2470,1703,1610,1140,965
248,0,40,37,6853,34601,21522,18370,8715,5509,1870,2098
249,0,38,43,21635,11033,1173,6803,3139,3531,2182,1431
250,0,34,35,2581,23993,3270,3303,4090,2547,717,953
251,0,41,40,7990,21613,13564,4572,7502,7254,3022,1975
252,0,54,30,26879,4949,982,3795,6201,4171,1749,2195
253,0,57,29,15621,8464,4506,2903,6384,4256,2995,1521
254,0,61,35,21743,15094,4824,5788,10566,3311,2085,4206
255,0,64,30,21310,11305,8707,2916,15174,6287,2522,2058
256,0,56,35,104385,8468,3955,2566,1685,2392,864,234
257,0,48,50,15262,6179,16730,10585,3424,3536,1651,1447
258,0,48,56,8708,17940,4835,14110,1904,4118,1470,1100
259,0,37,63,1131,27250,15960,16153,4860,3337,2119,790
260,0,26,63,13117,29403,13165,3236,2443,2220,3801,1479
261,0,24,57,162607,5972,7165,5688,3306,1472,448,344
262,0,26,56,6433,9775,1714,9792,5506,2848,2272,1451
263,0,34,53,9646,29803,18284,11793,8865,8006,4491,2192
264,0,40,53,2615,30147,9027,10565,9924,5481,2993,1062
265,0,30,38,245790,33714,2123,5581,4445,1302,706,475
266,0,37,34,8033,13124,1899,5322,7315,4307,3725,1341
267,0,38,26,311,23025,11809,1165,7652,6857,1497,1410
268,0,38,26,23473,44641,12139,9287,5621,6286,1653,1907
269,0,53,34,3263,11624,2098,8717,5975,5580,1415,2033
270,0,48,37,11294,22783,9122,11207,12589,4888,5883,2256
271,0,47,38,15775,37385,1551,19470,5338,9075,2605,898
272,0,48,43,16504,22413,20395,2919,3837,5525,1396,1638
273,0,41,48,11997,20950,18129,7888,6283,4090,3149,2897
274,0,43,50,30373,16496,7829,13037,8361,6406,2776,1678
275,0,35,41,230914,63856,4771,5962,10449,4000,721,891
276,0,38,48,32005,6392,8875,20279,3204,6221,6923,1925
277,0,43,53,1879,7848,11342,7008,2323,3748,1512,1533
278,0,44,60,15744,8045,23564,14341,5816,9724,4606,1647
279,0,53,75,2290,11993,19102,1116,7222,5530,1620,1379
280,0,43,69,13764,23731,25550,5496,7336,2695,1778,944
281,0,38,74,22103,20203,57241,13151,6569,7064,3172,1208
282,0,41,63,359976,5914,4282,1160,1626,2918,384,193
283,0,43,60,12683,7414,6164,5538,8568,3862,4154,996
284,0,53,64,16516,4414,22393,6707,6993,5487,2994,2156
285,0,60,61,13596,10913,42530,8509,17979,11694,2395,1554
286,0,44,66,70070,36717,37923,4463,5465,3288,4697,791
287,0,43,66,18986,15059,9282,3761,3983,4269,1832,1261
288,0,43,54,45410,29032,5584,12822,5781,6844,1905,951
289,0,37,41,139441,10434,5659,623,12781,1383,1051,357
290,0,43,34,30148,43319,7782,18344,24057,6696,3298,1193
291,0,41,41,31651,14848,24457,5370,1161,6404,3286,1296
292,0,40,50,22518,8308,14637,8465,5375,3589,5230,1662
293,0,38,54,27264,44610,14429,9791,7287,4300,2843,833
294,0,41,64,8620,13054,23557,4353,6173,4791,3119,2244
295,0,34,56,15905,57184,29667,1570,11200,4244,2659,1433
296,0,26,50,11154,36700,25492,6763,9824,3512,1884,1498
297,0,34,47,10176,22686,6146,4040,12119,4772,2804,1671
298,0,34,38,65915,36173,17525,3021,5234,5841,2019,1982
299,0,50,41,25467,5205,5954,6770,3592,7783,4396,1199
300,0,61,40,23251,12395,8606,647,1989,3949,770,2401
301,0,69,35,2949,10809,219,2153,3367,4210,1725,1499
302,0,77,40,10857,6926,3231,8670,2946,4788,4484,2127
303,0,66,40,4900,16672,15286,3738,3195,4867,1636,3445
304,0,61,26,58381,82908,3626,6361,8365,8456,1534,1372
305,0,54,37,6368,12895,6218,4232,4077,3724,2225,1593
306,0,54,37,6431,14616,5335,12195,1813,8651,4581,999
307,0,63,29,6915,12239,5770,3176,4833,7466,2928,1522
308,0,69,27,23711,17686,1152,1954,15324,3957,3058,2223
309,0,64,35,15568,10094,18988,1958,5938,3055,3319,2453
310,0,60,30,12212,13757,4196,8203,7966,4032,5254,1997
311,0,67,29,31767,4954,1524,5181,7151,12247,4056,3024
312,0,64,40,14973,18959,5483,3624,12023,3219,4453,1762
313,0,77,24,5332,21920,2741,3552,2275,9470,2274,1563
314,0,80,23,15093,13696,3738,7520,5765,6381,2912,2959
315,0,63,23,18750,24743,3459,6419,2827,4665,825,1151
316,0,64,29,10362,12849,10092,2872,4476,3885,3413,1139
317,0,67,38,18497,4022,3919,1448,4119,4497,3271,2832
318,0,61,34,137601,34461,5085,4673,1536,5676,4076,2110
319,0,61,38,86415,17568,3822,12321,4670,5614,2934,1922
320,0,57,44,20309,10852,19809,7226,4282,4134,1580,2008
321,0,41,44,270435,20799,3861,6885,4359,2236,788,650
322,0,41,41,30136,40026,2107,5331,4523,6054,1947,5203
323,0,43,37,23609,34492,11671,3739,5385,9017,3124,756
324,0,48,24,13340,17717,6886,1829,4215,5725,1949,6266
325,0,54,29,24777,8409,7468,2141,2695,2807,3669,3487
326,0,69,37,3137,2998,2264,1683,5006,4898,4362,1298
327,0,70,38,2859,2393,2490,2989,8571,1894,4631,1507
328,0,78,34,21786,13357,3337,2074,3461,10784,1674,2299
329,0,83,35,29496,4220,8079,6983,8545,5420,8042,2544
330,0,67,35,6135,40284,10549,6055,5949,6188,13805,2810
331,0,53,35,120068,47933,17338,2943,4303,2497,553,536
332,0,37,37,1366652,241697,54903,26739,25697,25622,6110,2849
333,0,38,30,30142,15843,4973,6194,3025,8410,2343,982
334,0,37,38,196181,10054,4292,7625,2253,1965,1148,1935
335,0,40,41,116246,116304,20180,45831,4650,8792,1602,3182
336,0,44,51,35083,14208,15442,13808,9948,6224,2178,4118
337,0,30,53,378169,146822,59687,14752,9834,13441,9491,6894
338,0,24,44,25529,56265,8576,12704,4338,3821,2750,2193
339,0,35,48,10665,16074,13258,3772,4516,5518,1903,1543
340,0,23,44,27453,72942,39578,19576,3564,5826,3194,5130
341,0,24,43,66442,37791,13486,3096,6418,3870,1220,711
342,0,34,40,455855,13503,1625,2236,1981,2125,472,436
343,0,34,35,48915,19583,6416,8306,12531,5364,600,1382
344,0,40,37,177992,30138,27190,4031,7879,5463,2627,3397
345,0,37,43,45994,42898,25455,30007,10550,5021,4641,1873
346,0,35,50,42862,57222,30318,7637,9020,9135,1687,1747
347,0,24,50,186078,70601,25606,4295,6647,4301,1158,1121
348,0,29,48,7374,7449,11090,3633,10782,3718,1528,926
349,0,37,47,6092,15243,5616,11771,6311,3573,1358,1199
350,0,35,44,121844,102989,29501,30117,15116,11576,8699,6624
351,0,40,48,355451,80049,43927,7947,13992,10403,3817,4469
352,0,29,41,117459,23590,5006,3826,2439,1515,420,307
353,0,27,43,18864,14080,15734,3519,2798,3565,1885,1503
354,0,35,48,8520,17534,16993,3753,4874,5728,1617,1698
355,0,26,69,2288,5998,92706,707,6952,3217,3053,2161
356,0,34,80,15352,22635,36621,4633,8158,5718,1683,1366
357,0,37,80,5165,8099,13331,2735,6879,3826,2036,898
358,0,29,66,7230,50480,10941,1927,12988,4007,1200,1035
359,0,29,51,227412,59692,37747,32542,14822,4070,2475,1748
360,0,37,38,14604,21677,5992,5017,6048,5651,3104,1396
361,0,34,41,14250,5179,4100,20617,14641,3750,2992,1137
362,0,40,48,7726,21082,6178,8813,5897,4535,3662,1972
363,0,48,48,6494,13824,12800,2763,3839,2431,2717,1329
364,0,37,43,123805,68365,10140,1185,2001,3307,844,972
365,0,35,38,63377,36663,14238,18624,13014,7301,3514,1237
366,0,37,51,37782,4999,4658,23832,4800,4350,4776,924
367,0,48,51,5616,6442,6635,7294,6149,5716,2938,892
368,0,63,66,25180,5645,11059,3400,4258,4680,2874,2086
369,0,78,64,4212,8084,2868,6884,911,8726,1530,2232
370,0,67,69,5022,6735,21794,33854,6846,2763,4021,2253
371,0,48,77,642871,59773,111746,32236,13063,7424,1701,2114
372,0,34,74,14114,63427,40525,7794,13796,4243,3777,1249
373,0,14,74,16372,18270,6434,20610,21922,3491,3094,1096
374,0,34,60,18709,12898,11160,7944,6027,9358,2318,917
375,0,40,47,21531,17167,6495,6568,15330,2537,2890,2291
376,0,51,56,22530,8903,19903,13684,4233,6262,2459,943
377,0,61,56,26295,23986,15297,12825,6770,11846,2807,2092
378,0,60,63,26701,6491,20010,9628,3528,9080,1566,1186
379,0,60,81,14433,9015,57662,6907,5334,5798,2633,1375
380,0,56,69,48447,31814,13917,3684,3086,4517,1482,1542
381,0,48,75,134322,23548,37165,5581,9975,6836,2471,2500
382,0,35,66,37864,55232,35403,17368,19547,6547,4118,2172
383,0,41,38,66987,28858,2371,2735,4311,5379,1237,2111
384,0,43,38,124251,24995,5826,12105,7765,5288,2714,2294
385,0,48,30,70249,26002,20616,5887,18808,8123,3382,2721
386,0,60,37,30254,7973,11208,7635,4110,5878,3209,1308
387,0,47,44,362886,201775,71608,8500,22300,10734,3392,1749
388,0,56,43,40594,30586,11861,11199,13916,20537,1812,5123
389,0,43,40,184962,207289,60074,23948,12803,11190,7719,11508
390,0,38,37,126877,3374,3229,301,487,751,230,422
391,0,44,50,2750,6619,10244,13319,5446,2172,2085,1911
392,0,44,53,45626,15896,5431,14871,6430,15357,2041,2271
393,0,56,64,48804,21697,46461,6276,4981,10824,1590,465
394,0,57,64,18835,16363,3100,23154,11885,5111,2096,1471
395,0,60,48,305267,41692,2657,11617,6360,4703,1137,1073
396,0,53,51,22184,10559,8283,5389,5654,4190,2080,2545
397,0,47,40,83077,28454,8903,2652,2856,2643,2425,1799
398,0,47,47,15375,23210,45815,8168,1598,9779,2033,3505
399,0,53,50,12662,27945,18356,3922,8539,9070,5101,5465
400,0,51,53,7308,12821,9918,17968,9317,6320,2163,2126
401,0,56,57,22311,19528,7852,8357,4554,4505,1908,2168
402,0,57,47,181245,45041,10752,10456,1517,9252,3254,1727
403,0,47,51,75388,80830,61864,18455,19676,7373,1178,2631
404,0,35,63,32435,11560,32954,39091,2581,3735,857,881
405,0,26,70,14696,14948,27529,13302,6146,2923,4738,1038
406,0,23,75,125915,10832,4661,2579,966,1653,440,243
407,0,37,70,23455,6473,5068,1562,3519,2719,1032,1105
408,0,53,51,20129,16346,1784,10355,5760,8341,1809,1555
409,0,69,41,12377,10551,5759,4635,2141,7136,2895,1453
410,0,77,47,7742,5562,9680,4587,5060,3593,3696,1136
411,0,75,43,12029,19197,4542,4304,4265,4079,3020,1321
412,0,64,40,19454,28203,5441,4628,6914,4769,2326,368
413,0,56,40,11200,23375,19724,2474,6154,5244,2826,1731
414,0,54,40,5980,6628,8842,4905,5235,3220,1659,1574
415,0,53,43,25197,17198,4456,8208,5667,4045,2177,2083
416,0,54,50,14810,13926,8938,5203,4103,4563,1186,2100
417,0,54,48,87125,35183,16498,6686,8671,7559,4299,2021
418,0,50,41,3005,28705,10819,6050,5601,3775,3355,1736
419,0,51,50,22559,7420,9230,10162,5300,4126,3047,1007
420,0,50,47,19160,20088,4393,6095,2515,3981,1798,1685
421,0,56,40,4260,28770,2218,8261,7614,12213,2622,1497
422,0,69,44,29383,9445,12491,5671,3897,8813,1037,1143
423,0,54,47,12812,24441,18544,14764,3672,2030,1530,2520
424,0,54,51,50714,11967,2422,19702,9920,5304,3071,1479
425,0,44,61,55225,24071,21468,4776,3509,5436,3182,2269
426,0,41,57,42738,10646,11769,1792,7358,4932,6005,1734
427,0,57,51,21813,6251,6095,7170,12939,4585,1981,748
428,0,61,51,30662,13074,9599,6938,6954,6131,1564,1805
429,0,60,57,3178,14669,32023,17045,7178,6300,5396,2080
430,0,56,64,23715,10633,13329,18356,10253,6302,3088,2486
431,0,56,63,3912,5888,1449,5279,5697,2733,3451,1783
432,0,51,66,3461,11585,18740,7421,7903,4055,2642,2511
433,0,51,56,3811,11198,6169,1606,4167,1816,3760,2175
434,0,43,53,32065,18028,10484,15313,9329,2856,2745,886
435,0,38,48,68492,23816,2692,6167,2503,3447,2609,1801
436,0,41,44,13255,19625,16092,3865,2392,6644,3679,2296
437,0,51,50,26964,8949,8143,11527,8117,7205,1673,1772
438,0,53,53,51615,11898,15223,5752,2837,3306,3547,2743
439,0,50,57,31541,34816,9543,11463,4845,3992,6364,2187
440,0,44,60,18398,18190,15515,7624,5872,4015,1626,4614
441,0,37,54,194439,12881,5854,4343,4055,2357,592,784
442,0,40,53,22404,16181,14227,11215,6379,4900,2712,750
443,0,40,54,12418,22931,4982,19134,12766,3800,2264,3090
444,0,40,51,282794,61348,31598,19931,11835,9607,3351,1845
445,0,34,54,27362,27519,14652,14246,10073,2978,7973,985
446,0,34,56,31948,32594,70025,673,25414,11858,1534,2757
447,0,26,57,171406,61927,44830,14328,10346,4718,5985,3188
448,0,40,50,32978,23909,7931,1500,2834,12425,9010,1839
449,0,40,47,415470,17386,4237,7463,2911,1603,801,678
450,0,44,50,21948,9918,15224,14752,4722,9129,2282,1984
451,0,60,50,9248,3526,5223,10024,10443,3627,1438,1552
452,0,48,61,5143,12198,10268,9700,5475,3275,3881,1502
453,0,61,56,1696,15052,5599,2107,7971,5205,1764,3831
454,0,61,56,3711,4032,7675,7754,2829,4803,4647,1182
455,0,60,54,19946,13412,4502,9145,4651,4456,3559,2407
456,0,56,60,14819,13881,19825,21328,8002,3831,1621,5025
457,0,43,57,86613,81042,19025,7353,14144,5712,3999,2731
458,0,38,44,146160,83736,4959,27966,7751,15619,7025,4440
459,0,27,50,18354,9364,27950,2425,16662,2321,3318,1127
460,0,37,47,35858,17291,27423,11766,8184,8149,1686,1615
461,0,56,51,15478,8049,3095,9045,7869,8366,2358,2289
462,0,50,54,8204,26709,4362,11884,5227,3312,1602,1762
463,0,63,47,21588,11045,3900,3504,3334,4546,3562,1033
464,0,56,34,58969,10744,1283,1899,380,1062,566,1225
465,0,44,47,9359,7288,30927,4863,5353,4629,2444,1141
466,0,48,48,4433,22694,5284,10267,2846,4074,1622,1451
467,0,47,47,4000,19641,7327,2148,2859,5751,1374,2325
468,0,48,53,4571,14950,3999,7232,2307,2784,1320,1504
469,0,53,38,10081,17806,1776,6790,3171,4757,3439,2116
470,0,67,35,9245,7673,1373,6489,5157,8268,15468,4114
471,0,75,40,1120,5125,9171,2563,4377,7284,2433,3402
472,0,77,38,11975,22677,4958,11215,9060,4721,1496,1267
473,0,81,40,4217,15618,9423,5569,10189,9402,1291,1556
474,0,69,43,6550,11343,6923,4445,5342,3491,2035,1642
475,0,57,35,11175,21994,3606,4048,6805,3341,1889,2465
476,0,56,30,11754,19564,4329,5825,5223,3111,2892,1641
477,0,56,38,6954,1865,11595,6357,15138,6472,3447,2245
478,0,50,44,3245,14873,34358,11836,12883,4030,5238,4908
479,0,48,56,6694,13758,11676,6751,4511,3287,2919,1753
480,0,47,70,3171,10264,22090,9576,4988,3687,4132,2245
481,0,47,67,6434,19682,21448,2361,4815,13482,2447,3056
482,0,63,57,5642,8229,2075,6011,4591,5711,1447,2442
483,0,75,51,13083,8257,4663,3636,9887,6398,3368,1131
484,0,81,38,11333,18731,3916,6896,3672,4695,1042,1847
485,0,81,38,4745,5805,4482,4324,3557,5621,2040,1854
486,0,74,35,37610,21411,7647,4105,14735,4638,4384,943
487,0,64,43,13537,12774,13887,4685,4735,5004,1623,2708
488,0,63,50,4921,14779,15570,3411,3786,5472,6148,4583
489,0,60,40,10403,15053,2964,2550,4676,5552,4904,1725
490,0,69,51,18397,3105,6387,15177,5697,10018,3069,1732
491,0,66,50,16950,23063,13307,16346,8810,5419,3551,2088
492,0,56,40,69732,15259,4154,1293,1406,1096,687,339
493,0,53,53,16569,8191,8458,2814,3333,3262,5331,1828
494,0,47,48,20923,15870,16658,5688,16223,7826,5596,3055
495,0,47,43,12356,48960,14222,9060,5327,7020,5765,1645
496,0,48,56,6095,17583,22487,26789,19156,4840,4020,2896
497,0,53,40,32737,20622,2748,1189,5644,5977,1962,2252
498,0,56,37,8150,12515,3618,5873,4828,6292,3523,3220
499,0,66,40,9855,14310,9816,2696,2036,7570,2508,3758
500,0,77,37,5053,6330,8347,2873,2970,3505,2164,5465
501,0,69,48,8318,22488,8484,5271,3205,4269,4059,3463
502,0,54,41,244522,30583,4541,2471,2150,2464,1260,472
503,0,47,30,105320,59478,6442,8204,7335,10228,8289,3220
504,0,41,27,375966,76519,16708,51423,20279,16031,9280,6083
505,0,38,27,165195,32721,14106,7578,10141,4615,2601,4163
506,0,54,40,7944,7033,16953,6267,20095,9649,17194,21140
507,0,47,54,4701,17131,11097,14238,7282,2145,5634,3952
508,0,54,57,15157,9041,10714,12724,6514,10079,9376,4542
509,0,61,67,27485,5768,13342,9156,7059,4724,2192,1332
510,0,53,53,21032,25627,3716,1054,9515,3709,4397,2120
511,0,61,37,245003,34627,636,7935,6291,5664,1687,1628
512,0,38,17,403460,76299,5714,2988,1368,2277,938,556
513,0,29,7,171095,17914,5956,2188,3864,1810,570,892
514,0,30,17,52694,21252,7941,7299,7865,5448,1998,1532
515,0,30,27,101275,9181,3754,4359,1716,2480,592,555
516,0,44,47,110764,21453,11835,16472,7812,4676,1753,4933
517,0,40,53,250162,4182,3093,844,429,383,174,192
518,0,27,56,132537,64151,27669,9856,4566,4613,3887,3119
519,0,29,57,34758,20821,12945,14421,6932,7317,2106,1110
520,0,41,60,17676,6377,2908,13076,6296,6939,4910,1008
521,0,54,53,28585,34556,13929,6738,6119,9914,2201,2089
522,0,66,53,13623,10661,2756,6069,2566,3277,2569,2561
523,0,57,43,17067,40537,8966,4938,4770,3744,3174,1775
524,0,54,40,39422,27704,17587,14602,13805,13167,2749,2813
525,0,51,47,17367,13298,11242,6471,6040,3907,1385,1677
526,0,50,48,14272,15847,7119,10259,4917,4656,1622,1657
527,0,61,64,9766,7176,21358,10750,2662,9513,1358,1906
528,0,61,61,8747,11664,2828,7244,6815,4434,2076,2040
529,0,60,64,33653,21832,32015,7633,7534,7021,7860,2767
530,0,67,63,29749,6672,1601,7716,6736,4758,4083,3762
531,0,74,53,53280,8214,4830,7977,3634,8706,5162,3742
532,0,70,47,10222,22708,3249,3676,3987,5630,7273,1765
533,0,81,40,11895,12898,5096,6260,3658,7426,2270,1860
534,0,80,40,8364,6170,9989,4179,15254,4333,4189,3317
535,0,69,41,17879,15847,13902,10052,10473,5965,5885,2043
536,0,64,50,5872,28246,12239,11158,10911,6122,2442,1201
537,0,64,53,8305,9735,8934,6351,4122,7658,6196,2497
538,0,60,61,26580,13427,49540,4765,9585,10652,5513,1985
539,0,64,60,17664,13716,8726,5075,7115,6170,6520,2424
540,0,63,57,13194,32770,5461,16464,11446,5785,4657,1191
541,0,54,64,5048,14627,15835,32710,7290,7933,2473,1945
542,0,54,41,6865,46636,5097,1836,6407,7523,5812,1722
543,0,57,44,4352,10125,9957,7510,4566,8599,9458,3209
544,0,63,57,4001,8091,23676,8087,5095,7269,6945,1471
545,0,51,60,29834,11202,32966,12193,7500,1984,1712,1726
546,0,56,63,8811,11394,3473,2192,20602,3737,2357,932
547,0,50,61,11251,11034,2450,7187,2290,3486,3598,1933
548,0,43,48,386101,16990,6127,2799,2003,2351,1699,377
549,0,60,26,13766,28885,4133,6807,8471,8242,2479,2184
550,0,64,26,8848,15072,606,3512,5421,7052,1936,1292
551,0,61,27,60057,30410,3685,22082,4588,6348,2470,397
552,0,54,35,35040,32025,15461,17934,5598,3281,1065,1701
553,0,60,44,45550,10405,9038,3271,1204,7789,3017,2049
554,0,41,56,15737,44403,25304,8684,6598,4358,5794,1708
555,0,41,51,39257,33565,1481,12302,5522,4762,4035,1667
556,0,54,41,13290,15642,4394,4436,8333,4878,2291,2354
557,0,34,27,869920,52167,4323,5833,6199,2482,1289,1070
558,0,41,20,152425,14391,1331,3802,3686,2620,1098,1300
559,0,48,24,20363,19797,11005,5365,2431,6911,2785,2765
560,0,48,27,11916,16297,10503,4316,8561,7678,4147,3306
561,0,63,38,16569,23031,7050,10088,10031,6256,2950,2739
562,0,66,47,44917,42714,22951,13201,4447,15197,6221,3676
563,0,63,48,37929,25661,14244,16552,8635,8181,1716,7587
564,0,53,51,125034,35415,13090,17207,7309,5808,4313,3316
565,0,56,47,14317,16090,4443,1853,2896,4885,2362,1812
566,0,57,51,6550,5001,9973,6772,9102,5015,2700,2112
567,0,61,48,7308,24515,13147,10491,10557,8830,5356,1654
568,0,70,48,20030,6847,5960,3851,4413,3841,1888,1471
569,0,63,57,1327,9066,3657,12711,8584,2618,4001,1829
570,0,50,56,170125,81486,45125,24944,15068,8562,1380,1917
571,0,38,47,228785,92295,11081,7020,6036,6103,3213,883
572,0,37,35,4479,22398,854,8134,13154,6209,3607,1754
573,0,48,37,6299,7600,6605,11105,2913,9321,1458,1269
574,0,61,38,11313,13220,18050,7219,6240,8839,3232,2390
575,0,75,50,6474,16960,6631,9710,5217,6859,1915,1541
576,0,75,60,3231,18461,4661,17092,6314,7649,6555,988
577,0,53,56,75788,98839,31720,38659,5909,7613,5007,2127
578,0,48,57,78876,13060,13898,10729,4508,5575,3691,1916
579,0,47,61,13214,20374,21478,9043,9526,7347,2331,964
580,0,40,57,26126,24099,7130,8896,3019,3864,1665,1589
581,0,53,64,19633,7943,12752,6445,2843,4192,2187,2144
582,0,50,70,4330,7436,26113,12871,7860,5063,3236,2139
583,0,48,64,14844,27363,11246,4546,5570,5252,2159,1766
584,0,51,74,11990,10475,2009,21341,5828,5170,2103,885
585,0,54,63,9716,25207,4255,14912,5565,8532,1050,943
586,0,38,43,195417,226566,27216,28011,11993,5774,2913,2526
587,0,20,50,384379,112958,85441,16086,9603,4085,2999,2127
588,0,16,37,52469,29143,1338,10698,10895,3911,1220,1668
589,0,17,48,12491,1216,8484,13428,3509,6580,2060,914
590,0,38,57,12795,16463,13501,3898,4470,6090,3869,1816
591,0,66,50,6155,6253,1483,3142,4980,3542,2777,2751
592,0,66,50,86789,12917,1682,2840,1566,1827,396,531
593,0,60,43,3350,16641,21103,2645,2769,5625,4611,2693
594,0,61,41,3153,23393,5793,14496,9056,7271,2872,1267
595,0,56,51,8526,10692,13369,8173,5691,6660,2170,3323
596,0,67,60,12069,5453,4751,6802,4184,6308,2656,1577
597,0,60,41,303291,64052,5811,3552,3410,3938,3867,1182
598,0,63,29,130872,7465,1470,466,5964,2228,787,503
599,0,64,16,146081,26473,2466,9165,14360,9873,4489,3423
600,0,57,8,27367,14028,2656,4028,5518,4002,7994,2666
601,0,69,24,338783,37857,33654,27546,12241,16393,9500,3775
602,0,69,44,20806,5767,11241,3452,4793,4400,4192,2720
603,0,75,51,4581,12225,5473,6978,2651,10346,2874,2209
604,0,74,57,16295,10859,6170,21131,27233,6736,5034,3171
605,0,61,50,388573,31737,8642,2881,2641,2245,1099,792
606,0,60,41,346320,4401,1542,1020,1167,1179,704,1528
607,0,43,34,276489,9655,475,2271,1700,973,1084,596
608,0,44,35,23563,18636,28702,2680,9172,10396,2683,4489
609,0,56,44,4074,10058,12066,10353,7391,5621,2196,2320
610,0,43,63,18345,8927,95226,6749,18684,5372,1976,2528
611,0,40,75,10505,35645,17317,29258,18459,5113,4346,2393
612,0,35,54,84004,10761,832,679,2696,1438,671,678
613,0,38,50,7304,14319,8155,3693,2652,5954,3740,5035
614,0,35,40,56025,30690,23850,11076,3008,2354,2248,534
615,0,34,35,427349,36273,17013,4737,10062,2992,1843,1871
616,0,37,51,24779,13135,7365,5965,7387,4312,6300,3243
617,0,27,64,13508,6639,32203,12924,9435,5023,5437,1438
618,0,30,67,15509,12854,5123,39940,15764,2927,4066,3216
619,0,44,78,20627,14478,27284,8735,5613,9253,4557,2794
620,0,40,78,260629,14305,5998,4515,1420,2343,1089,997
621,0,48,69,10172,8436,7554,8297,4621,5747,2193,2237
622,0,61,53,8927,19210,1738,6590,6750,4845,5276,4024
623,0,60,50,8595,30131,16110,20761,5885,12288,3592,3476
624,0,61,54,11782,8658,2503,13241,5743,2808,7484,2955
625,0,60,56,11847,16025,34895,8319,9400,12844,8398,7188
626,0,63,66,25197,13394,15807,11924,11626,10114,4594,3271
627,0,57,63,155986,88231,35975,36911,20821,16083,9513,23926
628,0,67,56,58008,16979,6005,13041,12532,12649,5855,4393
629,0,60,53,69545,37411,14760,21865,5168,6909,2663,3376
630,0,56,48,15248,12918,6756,4138,5155,3595,2998,1593
631,0,63,43,19034,25626,6714,6327,11486,7731,2040,2494
632,0,57,41,13434,29909,5670,13219,9392,8865,2262,5813
633,0,66,51,13766,4547,25768,11520,6697,10123,6567,2695
634,0,63,50,150197,13746,7043,933,1667,2465,1514,1018
635,0,56,60,16152,25767,25460,5813,7108,5297,4069,6135
636,0,44,54,202991,123245,24142,15141,11087,8703,5933,3729
637,0,40,48,18667,14653,3332,17568,5826,5229,6391,5038
638,0,53,53,4072,4629,10195,4380,4693,8232,4764,6958
639,0,56,61,7443,6749,29779,298,3601,5030,13863,2060
640,0,74,67,14333,8578,5669,5073,3865,6159,3444,2925
641,0,63,69,57307,8856,9714,1663,1459,958,548,630
642,0,57,67,10631,8725,3684,11059,3743,6246,4052,1428
643,0,63,57,64993,24746,25822,9186,21396,14925,5968,2927
644,0,50,53,111569,79599,17132,35316,45485,11068,10750,2885
645,0,69,34,13115,22738,1611,3330,7378,10854,3801,4405
646,0,64,40,140484,10415,30470,6068,7920,7834,4181,2613
647,0,56,38,312865,67610,32504,16417,13406,11440,2677,5305
648,0,48,44,2316313,44385,24156,7182,2383,2353,1534,684
649,0,50,57,9915,8474,7757,1808,3767,7735,2395,5633
650,0,47,40,209989,45456,3096,11424,13597,7179,4535,3007
651,0,63,30,8540,10891,363,4518,5152,9956,5140,3735
652,0,81,21,8184,27645,615,8571,2425,6873,7461,3329
653,0,67,10,370209,12826,923,2028,2427,1827,1911,3479
654,0,88,11,33004,7748,744,10982,8096,29776,15307,19792
655,0,81,23,6553,15546,4129,21001,9586,13789,5521,8649
656,0,90,26,6622,6310,4617,2214,9270,8536,5760,2733
657,0,91,51,16351,6502,13662,42028,4923,10416,7562,3040
658,0,80,54,17622,10942,7153,3868,7181,8899,6090,2606
659,0,67,60,11413,24374,27113,6016,5602,5574,2115,4481
660,0,63,67,14582,6667,11289,2686,3691,9729,5225,5825
661,0,56,51,9199,57545,16007,15006,7459,6349,4554,2363
662,0,44,48,179343,16064,4200,2133,7402,2284,859,514
663,0,47,40,5825,23572,12104,12147,22836,4813,1312,2260
664,0,34,47,37314,23271,22030,29794,6072,8351,5033,6631
665,0,48,43,6052,13362,3502,5268,5280,7291,2412,3096
666,0,53,63,12377,3372,18495,6303,4042,5654,6197,3555
667,0,66,67,1550,7202,5781,12058,5908,10305,2508,3164
668,0,64,74,17898,9691,37860,13158,3450,5659,4302,4554
669,0,56,81,8736,14846,19784,3470,8640,5154,4964,4307
670,0,61,70,5646,9615,13314,1206,5162,7945,4397,2915
671,0,57,69,10335,7282,10782,5196,8414,7362,4345,4810
672,0,60,66,39783,22905,55726,5298,2950,9479,5931,2358
673,0,64,70,5468,6480,23852,15508,10869,10490,3530,2747
674,0,61,60,3170,15990,2822,2074,6426,5432,5143,3736
675,0,63,50,4912,9685,1828,2695,4616,5296,6329,4666
676,0,69,43,2329,11302,11110,11609,5308,8684,7217,1707
677,0,69,35,4986,9261,4892,6678,9195,4454,10881,3697
678,0,69,44,4955,8876,2663,8104,5799,5346,7717,3451
679,0,69,50,5477,7388,4100,6102,9834,6510,7311,1572
680,0,69,37,17484,23670,8595,4418,29817,8393,4173,4369
681,0,70,43,20039,7735,20700,10065,9311,11442,3944,2695
682,0,67,38,8685,21497,6343,3293,3827,6028,9549,3896
683,0,70,40,10837,5679,4874,9280,11391,9459,7078,4340
684,0,67,48,24093,26450,8534,10228,12566,7765,19213,2905
685,0,64,35,19950,27200,8868,4033,11490,7387,13958,4222
686,0,74,41,6331,8319,6567,8750,4987,10411,9335,3282
687,0,66,34,14733,23409,3009,6136,8023,6995,3992,2707
688,0,66,41,3466,12813,2433,24901,4790,8180,4494,1627
689,0,57,66,16297,6257,61426,6879,6888,6893,4346,4924
690,0,47,77,18765,9130,11091,27921,3635,6002,10852,3674
691,0,38,93,9718,25931,36332,13414,3319,8048,4721,3866
692,0,34,100,11268,5979,31155,11403,3260,5184,8335,3808
693,0,35,90,18071,18578,24083,15498,14355,6213,5138,4996
694,0,38,78,16578,13682,4845,8783,4384,5016,8944,2984
695,0,23,74,213328,43094,32150,9218,6484,1838,2410,1307
696,0,21,51,156943,33980,6949,4543,10768,4349,4487,1387
697,0,16,53,201743,3423,1976,3666,389,573,277,211
698,0,13,54,36675,36408,28235,23488,21944,10247,8218,10629
699,0,29,50,20566,42968,9092,18400,11494,8372,4721,6505
700,0,27,53,172849,91235,25288,25924,21410,10563,6187,2811
701,0,24,41,385036,101128,44373,7635,16739,6729,5529,2384
702,0,24,34,13822,38573,3110,8782,3248,7115,4745,2391
703,0,26,34,15732,31280,14103,3694,5207,6586,1754,1809
704,0,26,48,5898,11471,25698,15937,6855,3679,3394,2232
705,0,34,54,147711,43541,21534,35749,5889,8652,2922,3230
706,0,30,53,51487,25634,2696,4853,4344,4010,953,1464
707,0,24,48,109565,131125,30654,3827,2994,12126,3000,3293
708,0,20,27,2069857,348474,51145,36186,32360,20898,8895,3535
709,0,24,27,77107,35734,24374,53547,26977,15036,5703,9198
710,0,16,34,252890,51233,16626,3608,3907,3411,4198,1513
711,0,21,30,425572,36243,8526,1831,3566,5519,7052,7126
712,0,27,40,56997,51841,11587,26747,18169,10162,4864,3779
713,0,35,38,9797,12038,14558,9999,8447,8423,1502,2572
714,0,38,47,38387,21578,13306,13192,5104,3590,1928,1486
715,0,43,63,32915,5480,6697,14535,3906,5235,2945,2433
716,0,41,75,38317,19664,32120,5013,2628,4157,3586,2630
717,0,38,77,2171,10398,10040,15364,8817,6645,4005,10330
718,0,41,80,7810,17612,25978,17333,11213,6897,5321,5851
719,0,30,75,71911,16087,12749,5581,2850,2318,1429,459
720,0,30,74,46241,34097,51047,6954,5562,7882,3259,5140
721,0,30,67,33493,10960,6420,11928,16697,4757,1902,2149
722,0,29,56,126283,48450,15803,10055,20018,7670,2933,3754
723,0,29,57,63082,26744,7190,34678,10996,4810,2424,2924
724,0,30,56,101472,18429,33434,3948,9580,4808,3757,1664
725,0,30,57,41286,30145,30118,2147,5818,10515,5643,1836
726,0,35,77,15675,4965,30346,21528,9510,7140,4287,2017
727,0,43,74,15224,17689,9765,12901,5928,5558,2681,3419
728,0,43,75,86026,14464,14455,20816,8977,4644,3618,3861
729,0,50,74,22227,10832,4757,8381,3699,7977,2365,1960
730,0,54,63,3772,8248,6730,5592,4000,4705,5926,2253
731,0,57,57,26002,15243,7016,6421,7774,6008,4641,2936
732,0,70,41,5277,17292,3284,3734,2506,9097,3666,3460
733,0,67,40,13595,13418,3797,8984,6766,5523,3370,3183
734,0,77,35,13153,10608,7687,6519,9782,12433,1929,2895
735,0,84,27,5431,15263,2159,3900,3172,8349,7451,4075
736,0,77,43,2609,7942,13678,7328,4367,4918,2197,1865
737,0,77,43,9352,18140,10444,5511,4737,7256,5198,4397
738,0,63,41,2526,14660,3676,3010,5182,3319,3823,2871
739,0,57,53,33561,9810,1152,16842,6574,6772,4736,4153
740,0,66,30,5230,26922,3577,1989,7767,11378,5817,4176
741,0,60,29,17695,17335,5553,7415,7621,3783,2854,3358
742,0,69,40,4859,8409,9955,6748,2309,9276,2923,4470
743,0,78,35,9084,6036,2770,4834,3337,7788,4657,1698
744,0,81,53,5895,5041,18957,2870,5918,12345,2772,5354
745,0,91,57,31688,11637,9780,7218,2647,9668,4568,959
746,0,69,60,213779,63863,71506,20368,13492,6828,10188,3087
747,0,60,57,28185,13561,6970,5480,14475,5313,5437,1834
748,0,50,38,10185,31253,2558,2207,8437,5823,5718,2207
749,0,47,37,29265,10700,5597,7363,3709,5640,3134,1992
750,0,54,30,20785,14072,9071,4744,4813,3015,2654,3348
751,0,53,34,15451,16304,4800,5432,4390,4141,4034,2837
752,0,48,48,9687,20470,9215,5477,2841,3406,3170,2842
753,0,40,53,20476,12176,17404,5922,5312,4321,2519,2574
754,0,47,44,14727,40456,10407,4392,2453,10388,3540,3782
755,0,50,40,167903,44452,8888,7484,10635,14937,5216,3625
756,0,41,44,21578,65899,58906,22665,16242,6908,6764,1556
757,0,48,35,167567,7512,2224,2209,2207,2463,1790,703
758,0,38,50,84192,31414,33228,21939,3024,6893,8155,5367
759,0,23,54,789040,97224,26703,12548,9137,7456,5375,4114
760,0,41,48,140042,25063,5201,11895,3815,10315,6839,4177
761,0,50,41,21782,25429,2651,6714,2509,19963,2716,3778
762,0,66,35,58163,12902,14926,4595,6110,13554,2178,2124
763,0,83,43,55829,9066,6386,13268,6724,8169,5107,7722
764,0,77,41,45157,50941,22449,7796,11193,10586,2534,5626
765,0,54,51,1566804,93723,60105,7691,26909,9327,3085,5010
766,0,51,50,166523,48700,28388,15203,16056,24942,1783,3671
767,0,37,54,30220,63361,88978,19635,7077,10328,3204,4529
768,0,27,54,505312,25714,8163,4684,1918,2079,912,1307
769,0,29,53,385259,110994,39976,30354,22953,14541,10663,3643
770,0,11,51,114942,36974,17248,4756,6753,2612,1940,4172
771,0,29,40,104089,21264,2765,13319,6685,14049,4496,3601
772,0,47,40,13570,12308,3416,4063,1233,6435,7272,2982
773,0,57,44,8181,7041,5262,7665,2147,4900,1708,1142
774,0,74,53,19098,8416,10214,15852,7633,7480,953,2750
775,0,60,56,336609,24530,7977,11895,6330,3714,2158,368
776,0,40,63,77585,13343,8651,4800,1901,1377,594,661
777,0,23,54,104210,92941,23821,14717,11641,6996,9250,9993
778,0,20,40,113252,43712,6090,6609,3535,7619,7297,5785
779,0,21,41,12829,38698,21440,20013,14315,7956,3161,2959
780,0,43,41,9852,10144,21487,3688,9193,15857,6459,4622
781,0,63,44,9402,8474,7478,5435,5760,7351,2714,2770
782,0,74,47,12515,10183,6016,2473,14965,6566,2091,3048
783,0,77,43,13590,20979,2663,18281,17607,6623,2224,2496
784,0,57,54,12743,6769,7804,58492,16552,5913,4094,2724
785,0,44,48,129171,90623,18840,12876,11099,10254,3067,1167
786,0,40,56,12596,3986,6223,4117,8265,2430,8435,3339
787,0,44,53,26432,18070,6030,4325,8162,7239,3012,1937
788,0,50,50,12852,9035,53119,16718,26129,9871,1242,2103
789,0,51,50,4640,32983,4378,8780,5339,5218,2191,2744
790,0,41,50,68577,17057,9460,4416,1140,2068,651,592
791,0,35,48,35936,29416,6045,4061,9126,4802,2832,2256
792,0,35,40,95748,20495,6900,21215,10419,5696,3744,4058
793,0,35,56,10941,7105,14129,7165,2277,3500,2913,1819
794,0,43,61,3722,7249,17760,12858,11820,5954,4319,2803
795,0,48,70,6398,11704,11238,2296,5385,4650,6300,2792
796,0,40,83,539,12579,61864,6656,8668,4379,2263,1202
797,0,29,70,199904,28300,13301,1595,1898,1958,1505,1092
798,0,23,67,7901,28961,4462,26128,2348,4326,6932,6908
799,0,8,66,6063,59275,28030,12196,4830,4562,4571,1017
800,0,7,63,13932,10777,10007,28990,6207,2456,3518,891
801,0,13,77,24341,9875,28486,9721,4032,4306,954,2740
802,0,20,84,2973,8727,37201,5544,5270,6842,2222,2389
803,0,37,88,14253,7596,7726,7613,4359,6073,3736,2853
804,0,50,83,5000,8179,13520,7844,7875,5131,11539,2242
805,0,51,78,28424,17185,28330,9196,5655,6187,1652,2369
806,0,54,53,124241,45626,5188,3017,6024,11055,3717,2482
807,0,50,50,74759,10761,7774,5193,7080,3423,3208,4928
808,0,47,44,6187,15078,5610,7308,6032,3336,4174,2500
809,0,50,38,9819,13836,7807,6674,5340,4338,2818,2316
810,0,47,43,762285,38725,8832,2519,3105,6507,3518,2590
811,0,44,38,34573,4701,1307,714,713,916,1175,477
812,0,41,30,26375,14784,1491,4384,2935,1853,992,1273
813,0,57,14,33565,12297,690,2444,3783,13690,5565,5659
814,0,63,13,8015,31669,5513,5319,8701,9525,5812,3839
815,0,66,26,10373,6296,11654,13647,8443,5420,4054,3034
816,0,75,35,3591,8518,22121,2713,19249,7489,4565,6016
817,0,48,54,84773,77989,91431,14172,13804,12197,13931,11132
818,0,48,63,19210,22330,9853,5909,5288,8326,1807,1028
819,0,54,47,6012,17209,3845,2675,2847,7516,3362,2867
820,0,53,48,14312,19068,8694,16482,5740,7534,5369,1956
821,0,51,35,309620,179761,30801,23400,36007,12062,5410,2521
822,0,44,41,18034,14566,13784,9477,6153,5332,3755,6376
823,0,37,48,17854,14473,10323,4604,14247,3960,4300,930
824,0,34,34,18292,35946,5365,2936,15262,5491,5324,2177
825,0,43,41,6526,8625,2368,11945,10997,2895,5190,2651
826,0,38,37,138057,14434,7830,2585,6272,2046,1206,734
827,0,27,23,17505,39031,3859,1889,6414,2202,5166,3508
828,0,35,37,6220,7826,11458,6035,14240,6134,4199,5021
829,0,29,34,31319,40719,12728,10419,9934,5197,13814,4375
830,0,38,30,7904,22640,10929,3401,3332,7014,3407,2477
831,0,50,51,40006,11557,12390,12378,5429,6646,2809,7177
832,0,29,38,343892,121973,3538,18682,12554,3978,8081,3412
833,0,16,38,202658,57013,25634,1967,6073,1886,2828,3713
834,0,1,37,32312,14352,5321,1077,1305,851,1355,539
835,0,14,27,67649,9519,11561,5374,14434,17986,36055,9201
836,0,40,38,233604,27392,7839,10826,5456,14488,23022,8973
837,0,77,24,12142,16317,2904,4901,35198,18608,45460,8722
838,0,100,23,16049,12663,7129,4038,7599,19861,35735,16103
839,0,100,24,101071,14900,8295,17274,15844,14709,11274,21736
840,0,93,26,16540,20065,10345,6363,14018,5538,8757,7931
841,0,81,34,46434,41090,2443,15370,16156,15542,16891,44897
842,0,80,23,115071,4349,189,895,5165,3641,3698,4142
843,0,77,14,18737,33965,12139,2901,17352,12948,7761,13285
844,0,87,20,9411,8555,14548,2616,5272,10373,7144,11817
845,0,94,26,8039,2549,2511,4950,5082,6252,14240,4517
846,0,77,48,51039,39258,34663,14317,6386,8443,8653,5789
847,0,83,56,32025,10248,7622,7199,2809,12789,8409,6500
848,0,77,48,4454,22151,6780,5346,3007,8369,27225,14740
849,0,60,53,17191,28469,32478,16679,13144,9184,5840,5373
850,0,77,53,8992,10891,24189,8576,3782,25380,8981,11044
851,0,67,53,3909,19320,8143,9107,8525,7425,11972,10204
852,0,74,56,15450,14212,9969,6637,6600,12927,15960,9948
853,0,87,48,9431,13301,1134,10675,3822,11070,8592,10745
854,0,77,35,3378,46992,5702,7690,8141,14193,8807,6460
855,0,70,37,13647,41861,18305,27042,16158,11880,8348,8340
856,0,56,41,4435,29216,30117,6695,11056,6305,6352,5013
857,0,34,40,447223,67745,22148,6407,7489,3506,2657,2780
858,0,37,43,4964,18249,4082,3913,2121,8238,8880,2795
859,0,53,43,10428,9070,12297,3063,3361,15374,10983,3392
860,0,75,38,22690,8307,8361,3330,2995,14190,15295,9376
861,0,91,35,22393,23116,7675,3041,12752,7618,17183,6969
862,0,90,47,16775,5501,18088,7967,10684,9520,8657,6361
863,0,75,44,41992,27910,2711,29283,21993,10044,11168,2942
864,0,66,51,32002,6225,10014,5620,6604,6245,14950,14378
865,0,57,50,76015,74061,13947,12116,26746,10171,22765,4316
866,0,53,37,634486,95207,28355,2348,10466,23528,7642,7268
867,0,47,26,59088,52000,4908,7072,8054,5468,11552,9699
868,0,27,11,997424,263137,25825,28251,34919,14454,16087,7445
869,0,35,26,705199,17598,19898,25141,7839,11581,13461,6550
870,0,37,43,10742,5351,5629,20589,5273,7586,11018,6759
871,0,44,44,272506,20716,3767,2716,1542,4919,3671,1257
872,0,47,57,145207,82905,55257,28618,17747,8689,10545,9213
873,0,43,51,22026,46503,20072,9786,7215,11097,9377,8551
874,0,48,35,12875,8479,2694,3957,9476,5770,5934,9674
875,0,67,34,5627,5539,1468,5114,11310,19828,7854,2602
876,0,80,24,20875,20699,9669,2193,6854,7665,5362,4404
877,0,70,16,94883,53307,8979,3542,5893,4989,4593,2175
878,0,69,17,21762,15330,6474,4715,12166,8567,6830,4283
879,0,53,21,322089,5385,1621,857,810,2494,4745,2385
880,0,54,24,14814,19800,393,25095,25240,13394,9646,4893
881,0,70,35,99085,10267,8299,7788,7544,8450,9279,5262
882,0,64,41,294409,31264,11672,13332,6444,10546,4227,4587
883,0,67,47,41701,10967,12561,8165,19211,12570,19341,7533
884,0,67,40,5307,22356,1957,5338,6641,9104,12555,8605
885,0,63,34,12952,21855,4247,8406,7850,8186,6821,3239
886,0,74,27,26635,15938,4102,6995,4417,15332,7379,4687
887,0,74,24,14518,9497,6265,4972,9605,7607,6155,6026
888,0,67,40,18381,15584,22546,17567,16864,10762,3379,7121
889,0,63,48,28082,20481,21810,9246,17429,6527,7018,7160
890,0,50,60,12138,11310,20258,9746,10824,5738,10190,12287
891,0,48,64,13005,16162,13895,12804,10909,11847,25261,3781
892,0,48,60,8136,35736,20835,7132,4551,13651,10170,2963
893,0,53,60,10109,18444,15964,13249,4450,11040,16694,6168
894,0,56,56,7224,15280,8636,11874,7842,7092,5044,2648
895,0,51,54,18269,49061,37309,11178,9970,13446,7935,9354
896,0,57,56,16089,11941,10910,7183,6153,12629,8135,4770
897,0,53,61,9481,11916,22657,30143,14254,8966,9704,3373
898,0,47,69,27182,15580,11975,49027,12328,7527,11761,3823
899,0,57,63,6445,11317,5451,1653,4700,7986,4488,10870
900,0,50,64,214864,26077,27835,3343,8577,10875,8998,4291
901,0,54,40,20802,29488,2067,3240,14052,8393,4132,6352
902,0,56,38,6888,14290,15618,20252,7667,6072,8433,4102
903,0,53,40,4760,12765,7867,3841,11719,7037,4563,2816
904,0,47,40,394078,14604,10968,2696,2364,2401,1891,656
905,0,27,48,175610,76591,12234,13120,10942,3346,3340,3780
906,0,21,35,2235792,234153,42203,43138,23717,17254,5754,6191
907,0,8,41,1422248,61762,4761,71046,27942,10465,12660,7906
908,0,3,30,997267,313937,69886,19781,23177,18574,50271,37008
909,0,14,38,2022938,289427,208507,70559,178669,68512,103461,54122
910,0,14,41,1217351,111310,34701,18590,7205,10335,15138,10431
911,0,14,21,492937,290535,7673,21316,10000,23979,17902,43683
912,0,23,34,1750181,78794,70657,62386,74564,23189,28360,39031
913,0,30,29,10332,35978,2275,18995,12901,15796,21755,9485
914,0,51,27,2547,6411,6182,3812,8783,9597,11432,7869
915,0,64,40,115186,26127,8337,10726,14916,13907,2863,6281
916,0,70,37,38104,41770,13023,25998,15806,18624,14211,12638
917,0,83,29,10122,7849,613,3983,7396,12730,14007,17605
918,0,66,41,119798,8620,11431,7170,2665,2755,3709,2814
919,0,66,50,12485,20927,19425,14286,6763,16115,4163,14149
920,0,74,53,8713,3816,5128,22589,16145,15563,8029,7931
921,0,61,57,9144,62064,17910,10061,9146,22622,16185,10469
922,0,63,44,24844,41884,6117,12172,6707,6985,9837,14033
923,0,66,37,15988,23894,6864,10779,6290,19589,23272,8293
924,0,63,34,4808,11565,7653,10077,14122,10766,13157,7059
925,0,67,29,1086,22978,220,10055,11624,15553,42392,10808
926,0,74,34,2969,26647,5531,17986,15495,9045,29021,11219
927,0,66,40,28946,16003,18256,10065,14651,9537,16587,11119
928,0,67,40,4684,13341,11326,5498,10884,12343,30402,20808
929,0,77,40,11272,14142,711,7985,2817,26355,13224,12620
930,0,66,24,361749,133816,5196,9444,16210,11019,20275,19383
931,0,63,23,24637,29506,15576,18375,20307,9775,20978,8788
932,0,66,26,4914,5045,16600,8415,7605,20010,31540,4924
933,0,57,35,2641,16724,5592,10860,2916,15644,22989,6387
934,0,69,47,7065,20748,1241,10302,4899,7380,3835,11066
935,0,77,48,10949,7140,3110,14289,10469,7602,7109,8523
936,0,70,38,3859,14045,1512,9124,21732,7962,9963,7268
937,0,67,27,120242,29683,4958,4393,7432,12694,14668,5174
938,0,83,26,20182,4661,3245,3910,8554,13592,18212,13188
939,0,83,27,7563,14400,18141,10598,7864,13815,22414,6534
940,0,81,34,8052,12782,5862,10744,17110,9141,10320,8499
941,0,87,38,17901,19564,3895,9294,4441,16869,6459,7762
942,0,74,47,26286,32794,21690,23859,21719,19232,15677,7600
943,0,67,29,192847,71774,3116,8842,8084,17682,27573,12877
944,0,78,24,11164,7255,6316,2339,9957,14333,7025,9550
945,0,77,17,14304,22178,5614,2036,6405,14092,31005,13747
946,0,80,23,22367,11543,30179,5254,9125,17699,18095,7918
947,0,97,24,6147,20526,5429,7099,4754,50772,14876,17831
948,0,94,34,10923,8058,12877,2735,4033,12819,14455,21220
949,0,94,29,30463,23513,5762,1683,25417,14652,20946,17532
950,0,93,23,52925,40471,17336,17944,8197,26310,17758,23448
951,0,77,13,119981,14870,851,398,1502,3932,5463,6335
952,0,81,13,43131,6290,22568,7609,15341,34119,22717,38322
953,0,81,27,40082,14107,9967,12562,7323,14341,23035,29192
954,0,83,26,7448,25503,16870,1457,9589,16355,17514,17372
955,0,84,43,3558,23755,10634,10636,15585,13833,11571,8475
956,0,69,38,53560,38678,10797,6448,9148,9279,20033,10222
957,0,64,35,19205,27482,6937,14058,10236,11538,10524,8641
958,0,61,34,136716,39216,14131,6901,11576,17546,8519,4778
959,0,63,23,349909,44141,1920,7906,5505,19589,4815,17576
960,0,83,23,4381,2842,9671,5595,9730,28750,17831,10813
961,0,93,14,20400,18900,2029,4456,2298,16308,9443,9061
962,0,100,24,2170,5263,9481,11406,2976,14891,7430,3767
963,0,100,41,5293,8198,26973,3487,17205,14016,18962,6691
964,0,84,53,1832,6997,12354,8475,2741,8664,9522,23893
965,0,88,53,2914,18116,4457,4063,9741,22998,9869,9821
966,0,80,53,16966,9067,12545,8238,8602,6820,15751,5607
967,0,88,48,11063,8236,18874,11193,23921,32017,11763,10837
968,0,94,35,13911,17538,9702,5481,17767,23291,12445,14022
969,0,74,54,38386,20032,52827,13150,13127,7443,14214,9859
970,0,81,50,8634,13253,8850,9982,8864,16618,20744,8412
971,0,69,61,18609,10318,32697,14053,4871,12452,15134,8049
972,0,54,69,7734,26696,17290,7837,10873,7643,14906,8324
973,0,66,63,35812,11713,27503,4522,9817,14279,8811,10621
974,0,64,60,7873,30699,17382,4280,9490,20980,11999,5957
975,0,69,53,43252,13915,17451,11966,3920,17661,14552,5194
976,0,67,57,3634,9868,10155,10419,7646,3728,3481,5557
977,0,64,53,10490,22898,7828,8929,5709,8021,5697,8661
978,0,57,53,21307,15084,2876,5519,5122,5433,4366,5266
979,0,47,44,262166,42032,14435,9732,13896,8261,5549,4706
980,0,41,23,167894,339999,25164,10097,10172,25853,39709,18389
981,0,27,14,136693,8168,1345,607,514,536,306,249
982,0,11,16,553707,104836,32919,14362,10806,6134,5746,3642
983,0,17,23,175171,11706,4476,10005,1598,6812,9419,11403
984,0,35,40,247316,22431,26755,8013,20971,18897,24939,15526
985,0,60,44,58338,8054,6219,10124,18145,16594,17919,14166
986,0,81,44,36286,15295,4001,10146,7822,11290,9252,10982
987,0,84,40,61901,11871,3396,13314,19265,10639,18985,7265
988,0,81,35,81738,30017,9068,6289,8458,11860,12881,5865
989,0,63,47,115218,10623,17290,12688,5229,4222,2850,4624
990,0,38,41,241716,35872,4828,3272,1645,1168,1198,558
991,0,41,41,1889471,19649,18458,8738,13868,24989,10513,5024
992,0,41,48,15460,14046,14411,5765,9294,9070,17872,14557
993,0,48,35,15076,30295,2024,24036,26249,12709,9599,11243
994,0,63,51,28096,22089,65118,17398,29470,13731,21552,7635
995,0,60,50,193348,25029,14169,9372,17133,17140,13075,9247
996,0,69,30,53560,30767,2338,2645,11939,22622,12256,8450
997,0,69,34,38671,41404,23591,5902,16039,15704,22681,16363
998,0,93,11,13194,11335,1940,4296,6631,33800,24028,11653
999,0,83,16,13867,24486,20891,9005,5334,8510,17481,10009
1000,0,74,29,59001,32421,5218,17213,32904,14814,8799,6001
1001,0,67,27,65757,54317,14700,13542,14047,11359,13645,8349
1002,0,38,26,258521,224392,23112,5909,10502,18472,19171,32142
1003,0,30,14,1667482,199683,23339,34119,47122,22113,46731,22010
1004,0,34,10,69754,42136,7028,6050,29235,17608,10265,12668
1005,0,43,11,7010,25456,10577,11094,8228,17578,9296,5896
1006,0,51,37,23968,22040,8842,77453,6202,18832,16857,11974
1007,0,69,41,14016,16575,7161,6214,6115,16668,12983,8182
1008,0,69,50,704822,32773,13111,11236,6954,19151,30901,18517
1009,0,81,53,11183,5284,17109,17771,5769,51243,13783,9041
1010,0,93,40,9017,17251,11542,9936,5177,25723,5556,5204
1011,0,100,35,19891,14709,2748,6255,3914,28261,14268,16052
1012,0,100,38,170489,31661,24304,15348,6925,25336,18510,6875
1013,0,91,40,7149,4411,5995,8668,5519,10652,23332,4921
1014,0,93,35,3386,21160,5078,7866,3908,25989,11854,6878
1015,0,87,37,10329,19309,7702,4801,9908,20413,9646,12619
1016,0,75,43,15448,27435,43618,3799,6859,8061,14617,18604
1017,0,77,34,9387,10837,2278,7346,14436,13046,31854,5600
1018,0,67,44,183243,24993,42852,22050,20244,26002,7676,7721
1019,0,57,57,16905,26767,32175,24343,9237,17162,16867,6545
1020,0,74,53,9369,8069,25717,4819,20898,20470,13290,12097
1021,0,70,63,4592,4504,10130,6194,7347,11319,24075,16781
1022,0,77,47,5266,24983,1945,5286,4178,15917,11517,10691
1023,0,80,43,1380,10541,17048,8258,11216,9906,4595,14550
1024,0,81,38,4827,19772,11597,6010,12243,24326,18167,26405
1025,0,74,40,17273,19671,16872,22896,8172,14284,20910,11387
1026,0,64,47,40571,48527,19097,7478,12721,17237,19742,7185
1027,0,70,37,122379,12092,5894,3635,13949,12021,25958,5847
1028,0,61,44,168185,31267,28172,9866,7920,13732,23469,3511
1029,0,64,34,66659,21120,10191,7267,25458,14591,27756,16788
1030,0,70,34,23929,22797,6370,11841,12954,22260,25404,13184
1031,0,63,43,12836,11093,19261,15523,27524,11534,19198,23310
1032,0,70,38,23793,18833,4997,16279,5649,19743,37907,14352
1033,0,70,44,18504,18331,17208,5577,9749,14340,48127,26438
1034,0,78,47,4672,17769,22158,5354,22302,34535,22196,27643
1035,0,91,38,10260,24721,3413,22138,16079,45735,34684,11958
1036,0,93,38,12059,13109,1519,17129,17221,16442,20352,12744
1037,0,84,35,120092,77250,28045,9594,7387,22124,17900,11656
1038,0,77,23,11755,27573,1871,4667,22305,12517,39976,25239
1039,0,54,34,152504,21745,8643,12528,2603,3898,16190,9364
1040,0,57,21,5587,18003,2479,4159,10870,21746,32873,12984
1041,0,64,17,121868,13626,1875,4106,2380,6690,8199,14657
1042,0,74,29,9495,10464,11707,5027,20549,22660,57975,47846
1043,0,87,23,9519,19094,4444,15537,15932,14524,31113,24250
1044,0,69,21,198547,186121,11941,11934,13075,26884,38625,11597
1045,0,84,11,9823,13893,1544,6335,29003,44070,19866,29348
1046,0,87,10,8613,10682,6101,7043,19883,20771,23682,11283
1047,0,88,3,10840,27485,6131,7400,18495,18927,15289,5687
1048,0,100,17,25809,9844,6962,19477,12414,27638,14997,16026
1049,0,81,34,18331,35384,26926,580,9803,12265,25277,33147
1050,0,77,30,43643,25223,2514,9121,15560,17301,24248,23880
1051,0,70,43,26197,16192,29917,4204,19995,13952,6734,15725
1052,0,60,38,32891,58877,14869,13065,4611,21929,10929,7365
1053,0,57,40,19094,43631,12450,26611,9362,12547,15124,8706
1054,0,51,29,332614,114710,6176,4197,20194,32353,10146,13220
1055,0,66,21,19508,10372,1743,14910,14485,32536,23378,8255
1056,0,77,26,11121,9428,16982,10331,14457,26957,7680,7274
1057,0,93,23,4991,8485,11367,4104,10214,18733,10132,4377
1058,0,91,29,1888128,121487,13657,11292,45250,30241,17133,16868
1059,0,57,26,253861,207561,32091,16671,13530,8992,13082,5153
1060,0,38,16,128695,69508,10887,4501,11368,7890,6776,4146
1061,0,17,23,228486,97477,88451,51838,23861,27278,48721,15412
1062,0,24,24,136429,29908,3752,4840,15866,15747,8966,7384
1063,0,53,26,14189,16845,612,12891,24995,17572,24115,17910
1064,0,54,14,615140,304067,3789,16700,21127,37765,38121,30904
1065,0,53,1,552823,236977,4440,16315,29773,24656,42937,14610
1066,0,50,1,660816,88059,12573,27845,22239,38654,30949,52855
1067,0,35,8,294378,78249,47766,64638,37004,23294,42154,30866
1068,0,34,16,1094676,271195,24402,18237,24287,29634,59366,60284
1069,0,26,35,1135428,294458,130262,42459,12536,23986,56451,59311
1070,0,14,44,496000,34129,12683,16379,3334,6220,9185,12107
1071,0,20,20,1055876,218957,6279,11183,11574,52478,29505,31940
1072,0,14,17,794040,84108,5173,4610,3900,5630,6917,33459
1073,0,30,4,86532,48176,5652,2704,2206,14679,10897,5787
1074,0,48,1,272152,79477,12521,14747,15100,56732,27598,73005
1075,0,43,1,353598,286395,40421,13827,12346,47984,37402,74059
1076,0,43,3,714149,284778,10540,33210,6136,18571,3495,6091
1077,0,40,16,195857,83186,43072,29126,19669,28988,24305,33720
1078,0,34,24,30760,30816,4635,20441,16605,13975,9570,17162
1079,0,27,21,574748,259839,20829,20222,44760,26008,55687,31101
1080,0,27,37,695772,249313,108369,71217,13187,25179,22740,20591
1081,0,20,26,23014,54410,9214,2456,889,5972,1747,2314
1082,0,14,26,1388532,143757,77052,11397,35889,35729,38393,16908
1083,0,23,43,217636,31096,12584,28549,10759,14134,24117,21389
1084,0,35,37,184859,79900,17644,13802,15752,19500,36892,12453
1085,0,41,30,208229,117774,7395,10267,9733,23894,25340,15625
1086,0,57,34,7890,5469,3927,24594,19314,32738,15289,21394
1087,0,74,20,4340,9559,4912,7369,32655,19135,20593,33996
1088,0,88,23,12941,13160,1894,15474,11921,23986,31873,22063
1089,0,100,38,5280,6159,14859,5643,12427,16137,22876,27375
1090,0,91,40,2309,13429,4312,17221,12688,12433,13331,13798
1091,0,78,56,8814,27177,44031,25411,22455,21762,21880,5059
1092,0,77,56,6089,13269,9484,9513,14146,22996,13997,11866
1093,0,88,44,1825,6363,5866,5905,20070,34587,27679,12736
1094,0,83,48,211694,45096,26103,33706,23070,21725,12241,8507
1095,0,77,47,183397,74091,79743,13714,12889,19929,12961,7338
1096,0,57,38,182526,167972,23996,14672,36030,22032,30797,9508
1097,0,44,41,33663,32418,1587,22193,27452,24898,15483,5904
1098,0,44,41,28783,16940,17761,33979,35396,14865,12506,3091
1099,0,48,51,21953,5392,75689,30115,23096,18395,5695,5359
1100,0,61,63,7455,12901,20839,4756,5863,18337,31499,18155
1101,0,63,64,3551,6716,11449,6291,37255,12069,24586,6345
1102,0,74,60,3154,7797,9614,2241,6606,13089,13573,14156
1103,0,88,43,1681,12151,6377,8235,11897,20795,25090,10015
1104,0,87,38,9941,15935,10406,7711,13817,13510,23597,10529
1105,0,75,53,6964,33333,39832,40068,4673,16060,21311,14438
1106,0,77,54,6372,14347,27788,5453,13292,36671,14331,11965
1107,0,77,57,22325,9701,8126,9950,5378,22234,29340,24102
1108,0,77,64,33643,4391,10553,5905,7009,7659,21232,22146
1109,0,94,47,23219,13484,5081,5755,17537,25482,26796,6143
1110,0,93,38,49596,14323,7589,2233,9974,13937,14967,9915
1111,0,87,27,76735,10059,1737,1103,2022,5314,1878,2626
1112,0,96,13,7644,15951,3517,7160,12420,25007,16379,6671
1113,0,88,27,12907,7181,11117,12442,4833,15720,8072,6553
1114,0,84,30,4849,19784,11835,6459,15361,15280,11380,10302
1115,0,87,35,5606,26048,10621,3751,9385,21996,6369,19324
1116,0,67,43,2905,34098,18771,7559,13591,7665,11288,4457
1117,0,64,37,11374,28078,5954,14172,3523,18159,12532,4609
1118,0,66,30,12308,17671,5443,8540,25481,14838,8825,8571
1119,0,60,40,4208,17749,17238,10945,14376,13066,19910,11003
1120,0,70,43,3423,12740,16849,8344,9597,14681,10057,12318
1121,0,80,37,10187,6950,848,4569,8827,11324,8934,9057
1122,0,80,38,33386,21241,10858,3826,22570,16068,9344,8661
1123,0,78,26,55406,18240,2511,3660,7183,5450,4269,816
1124,0,69,26,89227,114266,94981,12210,18113,33340,25883,31663
1125,0,44,43,318932,59776,69390,15378,10045,9379,10963,11039
1126,0,40,53,517775,34136,44822,35281,59430,28694,23683,15214
1127,0,23,54,381406,316223,75345,10989,52166,15485,9464,6258
1128,0,26,54,13037,44283,13444,40133,13467,23596,13750,5218
1129,0,30,44,225446,110156,32065,18934,10374,18089,12741,6342
1130,0,11,21,1773521,340617,18697,3788,25313,11386,17619,8770
1131,0,23,24,27674,45479,11574,14152,21975,10251,8774,14820
1132,0,23,21,13882,14859,11287,8852,10566,7743,16098,4720
1133,0,34,26,8656,7737,3852,15503,17980,9128,5769,10519
1134,0,53,47,16587,20214,15597,3753,11817,9479,9479,16947
1135,0,50,47,104772,121049,42815,12299,29602,19748,16235,24418
1136,0,48,41,55831,101622,15323,36246,17529,29538,38682,11352
1137,0,50,48,47528,4711,32678,10347,18789,15399,14796,6280
1138,0,61,44,10337,6662,6455,7592,15161,19243,10800,8955
1139,0,66,60,21013,12887,32673,19466,5392,11613,11455,8345
1140,0,75,60,13244,23211,10991,4801,11075,19411,14490,8308
1141,0,70,56,57786,30923,29478,16481,9026,17340,16950,9670
1142,0,67,61,761691,14614,22701,19269,26537,37182,8205,4736
1143,0,75,51,25151,26194,24228,6305,10173,18868,18367,16324
1144,0,70,63,12831,9270,18017,12975,8064,14207,11027,11152
1145,0,69,57,13497,22350,15476,3084,6261,7478,10519,6214
1146,0,60,57,3410,9541,16366,2298,20144,6700,9155,7613
1147,0,63,54,7435,9436,2270,8556,8707,10136,14031,6725
1148,0,61,56,7725,21025,12732,38494,4133,19540,12502,8381
1149,0,60,60,106204,11040,4875,9486,4715,4247,2911,1849
1150,0,66,60,10253,9301,11312,4726,10304,12484,9271,9261
1151,0,64,64,34263,22882,35063,10747,13889,28270,4242,7403
1152,0,41,48,103380,249788,40461,15390,6412,5130,9445,4549
1153,0,40,51,116499,23450,42531,10634,10727,10934,8412,8117
1154,0,38,56,5938,14247,36464,2095,18076,17806,14436,2612
1155,0,30,51,4887,35699,21681,4750,10077,10685,11295,6924
1156,0,48,61,9403,19630,10759,9348,11652,4714,7256,10857
1157,0,51,67,5646,4082,26091,14373,6033,7402,14887,12011
1158,0,54,64,30421,11246,10122,14229,12682,16397,15527,19315
1159,0,64,60,58287,14619,5024,3256,6166,13005,15027,10444
1160,0,78,60,15897,12106,1969,27468,13016,24974,7470,7192
1161,0,84,48,7696,25224,17374,11785,6588,18538,19380,7761
1162,0,87,44,12633,11528,12741,3200,8769,15707,6739,11116
1163,0,78,54,45017,13143,13027,12189,15653,9012,10233,7536
1164,0,66,60,27122,18801,22054,12958,8359,7683,12537,4724
1165,0,61,47,8285,27984,1316,7183,20176,7697,6288,9940
1166,0,66,37,12829,12897,3232,2669,7031,16435,6651,2355
1167,0,64,30,2944,21417,7075,5182,3537,6424,9875,3849
1168,0,74,14,8548,24059,3951,3938,9470,13059,5739,2477
1169,0,69,14,34711,34403,3738,5836,17765,7212,4691,1686
1170,0,63,27,19974,13157,18826,6428,6403,15564,6019,4308
1171,0,66,37,20360,13909,12012,15750,8739,12112,1346,4384
1172,0,53,50,5382,26863,20206,12037,12573,4720,11291,3651
1173,0,48,60,39658,33641,12158,4381,1692,4657,8186,3187
1174,0,47,44,4552,15740,1514,2714,6400,7451,10835,2587
1175,0,48,37,22077,45734,10865,15726,13047,22430,32226,7507
1176,0,38,20,131038,92608,8306,5099,10241,2879,5215,3222
1177,0,51,21,380462,3800,4153,543,2733,3400,2960,2675
1178,0,44,34,5208,7635,5868,13572,20810,5351,22193,13104
1179,0,40,27,546106,101855,7720,18988,25990,22919,11751,9800
1180,0,47,40,225520,36846,12597,8739,3997,3699,3696,1942
1181,0,40,26,240698,21550,2098,1112,1963,3981,1740,2311
1182,0,30,21,1721494,163629,14444,49155,22699,15873,9227,11196
1183,0,24,37,126954,11603,12092,3118,1903,2616,5431,13474
1184,0,41,40,15369,16290,10984,12241,6500,13821,17813,5893
1185,0,47,61,7047,3441,22336,10131,11243,12056,11806,5074
1186,0,60,61,10359,15694,11231,1941,13488,10152,11158,9141
1187,0,64,64,10931,5337,21905,7849,10787,6815,15307,7589
1188,0,75,57,7201,6839,7418,11557,31603,24424,17253,3569
1189,0,74,56,10852,7506,18956,8748,9108,10765,16558,16010
1190,0,90,50,6042,7197,655,6642,10975,26875,15697,10111
1191,0,96,43,25858,14556,10899,15574,11353,16380,14984,12240
1192,0,94,44,27298,10037,5487,10584,13498,18956,21504,10847
1193,0,81,35,452620,85087,13072,19516,11771,8232,9287,7086
1194,0,67,48,597623,14972,18623,15239,20525,17476,12809,12438
1195,0,70,48,4513,5948,3581,10973,7961,11354,8866,15483
1196,0,66,44,11617,20792,3706,9210,9823,16918,7619,20966
1197,0,84,40,4338,10543,2350,3365,10922,7914,14169,12660
1198,0,83,44,13453,4869,17686,5177,6350,8247,11857,4424
1199,0,78,50,10292,13377,18183,20894,11228,15953,21113,4291
1200,0,67,63,141051,5470,6093,8362,4167,3303,5037,2923
1201,0,66,69,8954,15631,9489,2930,8247,12575,28385,9649
1202,0,64,61,16902,19400,8596,11397,9931,11108,7107,9821
1203,0,66,48,18413,22600,10578,2659,9415,13730,11158,9756
1204,0,69,43,4299,15343,1075,26266,15059,8898,6549,3092
1205,0,69,41,8110,13433,4293,6782,9269,11335,10976,10240
1206,0,64,41,5132,36959,11600,12986,6809,10335,7936,6589
1207,0,60,53,5749,16094,11411,15966,3383,8130,7009,9322
1208,0,63,47,22812,25527,3149,13021,8502,14857,4539,6028
1209,0,47,53,117474,33384,12076,9073,2167,3865,2836,1782
1210,0,41,66,4489,21016,36888,28953,11252,8139,9387,3735
1211,0,30,56,56094,28287,13596,3375,11268,2748,1238,1394
1212,0,16,61,1177378,193534,127756,23497,21674,23085,9903,10148
1213,0,23,63,782,22474,15975,6928,2821,6916,11070,4448
1214,0,21,41,602734,171198,15015,32200,41925,16665,9410,8961
1215,0,35,35,292066,56042,13885,10195,21115,22118,9730,9534
1216,0,48,37,10134,7633,11371,14197,17033,9712,15185,6211
1217,0,48,24,69054,30209,6691,1901,4764,6388,7779,4464
1218,0,51,26,143666,27716,4465,3749,6428,3848,2244,2274
1219,0,44,41,13824,19869,20293,29858,15343,10026,12541,17887
1220,0,48,27,288121,14094,3477,2581,10533,7291,6232,3801
1221,0,53,40,12355,22573,15706,16567,11774,14502,26016,10917
1222,0,64,47,4724,9512,6335,4927,6153,8653,13494,29445
1223,0,60,27,133258,194541,18471,21046,17087,19359,17680,10185
1224,0,61,38,35389,9500,4439,8649,5378,11038,7809,7589
1225,0,75,20,2356,4757,723,3524,26836,11858,15839,7350
1226,0,77,21,2344,11055,6449,13026,5207,14504,8249,14324
1227,0,87,27,1494092,69592,7691,25427,15035,22816,9078,12296
1228,0,84,29,530528,12698,26132,4223,22229,18381,23806,6181
1229,0,80,40,5656,10240,6842,5183,11009,14786,25423,26415
1230,0,87,29,10362,12814,5523,4607,16608,23469,20706,28891
1231,0,90,30,3806,28896,21753,4310,19696,16510,13794,20744
1232,0,90,26,5079,22999,14488,5420,13085,18979,10457,19702
1233,0,87,27,17960,12508,2256,11404,13734,11884,9235,12647
1234,0,80,27,8291,31302,2610,13178,22322,23691,10598,9335
1235,0,80,40,11180,5984,16939,9856,4502,12260,18317,11198
1236,0,78,44,5740,4013,9193,11428,20296,9609,9944,9035
1237,0,75,54,4112,11554,30154,14511,9842,18054,10959,5008
1238,0,63,53,187878,98051,11281,9792,13567,14952,7403,7249
1239,0,56,41,33686,29538,10916,6194,10442,7582,21398,5716
1240,0,50,43,11571,28181,8631,25523,10447,12637,9990,9194
1241,0,54,40,50695,16088,32283,7129,6131,29372,21528,15451
1242,0,67,50,6477,8035,12901,4856,19101,13200,19396,13207
1243,0,64,43,311675,32101,5215,2941,7270,5006,6357,1644
1244,0,69,44,36144,32981,36630,42850,29770,31737,20072,35559
1245,0,47,41,408758,23442,2554,12623,4599,1712,1350,1353
1246,0,38,60,14204,5708,8799,119397,7426,26779,15904,6275
1247,0,40,81,8010,19466,59047,62696,24243,18553,11766,9054
1248,0,47,75,25481,9655,4109,8209,8787,13577,12407,12828
1249,0,63,80,5678,19617,13367,21605,6381,15436,17015,13375
1250,0,74,64,3456,10076,19814,25025,19035,32150,34677,14680
1251,0,78,50,225858,6792,4585,2412,6305,3408,5677,2300
1252,0,70,53,4931,17886,11286,8549,5026,12145,24594,19607
1253,0,69,64,9290,3943,67081,7979,5615,16723,16503,21254
1254,0,69,54,20420,11899,3316,11126,37127,16045,28859,5924
1255,0,57,70,5172,50125,152804,7446,10801,12391,12577,4836
1256,0,57,78,14135,2874,3616,28783,15197,12077,14409,6372
1257,0,57,66,7115,10738,24793,11557,15578,10598,20055,10012
1258,0,47,81,3515,20558,42410,7448,14255,11806,12239,10219
1259,0,66,61,19593,12597,4576,3317,3225,12341,13755,13166
1260,0,74,53,432394,12424,14912,3596,7621,23921,17457,5200
1261,0,84,43,7419,11056,2503,9832,10469,19448,12927,10862
1262,0,90,30,98862,29954,4826,11829,8137,12439,19047,17891
1263,0,91,23,22101,15521,4847,2683,31002,15421,30809,9191
1264,0,91,21,14075,21520,6931,17676,8410,30911,16188,5648
1265,0,78,29,8984,17332,10298,21238,20462,9110,22141,5345
1266,0,90,20,7932,28641,4635,3829,5547,38657,13693,4469
1267,0,91,29,9041,9944,3765,7913,7371,20252,8115,19818
1268,0,84,24,11619,18353,6232,4159,13701,9913,27027,13288
1269,0,94,14,3545,15634,635,9334,10316,14102,14371,4868
1270,0,93,29,16799,2344,1153,17828,9979,19206,12676,8836
1271,0,80,29,201710,135643,10767,50454,22575,41912,10852,8596
1272,0,81,35,65895,22373,8513,15875,15509,18012,14339,6420
1273,0,77,41,6449,17127,13643,9488,15540,11692,11200,8087
1274,0,61,47,8304,16101,17641,15079,6343,8496,6476,3663
1275,0,61,57,5274,14769,9602,18050,7004,8005,6097,5974
1276,0,57,53,11563,29626,4875,6820,8003,10317,6433,3985
1277,0,57,43,11680,38428,4956,9753,13784,15308,7319,6542
1278,0,57,41,2623,8010,11756,3911,5808,4933,6130,11928
1279,0,60,35,12112,16661,6408,9327,13272,7734,10287,8100
1280,0,66,37,22680,5776,1486,11934,29079,11693,11431,4632
1281,0,66,38,25124,26025,4562,10556,17436,13945,9538,9159
1282,0,69,35,14926,13677,17094,2221,6024,10811,8796,19683
1283,0,77,40,6328,7416,5378,11329,6219,11650,13773,8427
1284,0,69,41,3018,23440,7053,10597,16471,13960,9657,6580
1285,0,70,43,3754,18221,7601,4146,10070,11045,15675,22246
1286,0,69,40,3125,21977,8636,7815,6237,10680,13521,13155
1287,0,69,35,12334,12000,3967,20314,25079,16046,12257,4448
1288,0,70,40,12994,18306,15729,9910,15399,16719,6733,4613
1289,0,74,38,4211,26391,5324,8377,15268,13788,12615,4137
1290,0,60,51,300288,31026,51643,18596,10179,7510,21123,11707
1291,0,50,60,7146,24041,13240,25374,3821,10115,44209,5934
1292,0,41,53,1564315,225870,39544,44180,13059,56981,10750,10449
1293,0,37,51,2859799,192342,36132,26317,61839,48961,26157,9337
1294,0,30,37,263949,21969,6236,1774,1665,1493,972,566
1295,0,26,20,1210045,170733,22645,10195,6490,17837,8786,9455
1296,0,35,27,24384,21636,15870,19565,14577,23582,6142,4153
1297,0,43,40,11925,12465,22831,5433,14884,16550,10008,4909
1298,0,54,47,112042,60047,56500,13237,22412,20546,14122,7155
1299,0,57,66,11979,15273,49148,14004,27520,9425,17158,3644
1300,0,51,67,30916,38678,36990,8952,6405,17940,10311,6397
1301,0,53,61,6668,16951,9621,10605,13793,18695,2868,8949
1302,0,51,50,46269,116331,6622,28248,43768,22630,12315,2914
1303,0,37,34,58676,53010,13359,1721,3870,1667,1144,3371
1304,0,27,29,9237,46953,20576,12021,7126,6659,12128,5238
1305,0,20,21,143331,76927,10388,6812,14270,18680,8590,9660
1306,0,29,38,1983,6717,7130,34777,11606,20707,11972,6887
1307,0,53,40,105069,48068,16642,19469,45940,24577,38884,23216
1308,0,53,41,89974,129492,74153,28395,11284,19708,9625,18105
1309,0,47,51,972702,161952,24922,49119,13316,26554,31660,13381
1310,0,50,37,2317,6920,1082,12373,30423,12085,21076,18397
1311,0,61,27,4222,14613,3053,3209,13642,23688,8991,15867
1312,0,67,20,10870,44358,8421,11206,7927,11082,21094,12089
1313,0,81,17,32453,28154,13328,10537,16765,22224,14919,11487
1314,0,67,16,53207,49743,10205,5670,18121,11085,26162,13198
1315,0,41,26,160877,143579,46121,10930,19551,11986,23597,14479
1316,0,37,17,34978,101561,16676,1619,17144,12258,24935,24450
1317,0,40,17,23307,11010,6048,8013,14382,16993,11738,17197
1318,0,47,37,15044,9277,40635,9129,12986,17008,7951,14475
1319,0,60,40,15002,37978,17595,14476,7690,17568,9320,8317
1320,0,77,48,8600,11113,3216,7443,12249,13050,15906,17734
1321,0,87,44,5464,3732,4150,4902,10272,24734,52339,9829
1322,0,93,38,2344,10120,19747,8378,9098,22917,14210,6358
1323,0,100,37,22990,14086,21244,4124,14994,25729,12848,14379
1324,0,97,40,9281,10695,13726,3480,23050,10337,27546,7224
1325,0,87,47,32290,30732,23726,6869,9054,31881,29308,12476
1326,0,80,44,4792,12303,5188,15680,13457,11592,16286,10213
1327,0,84,38,1518,8691,3887,5391,13591,17847,20163,13886
1328,0,83,43,6224,17945,17447,5726,6688,13577,8231,13363
1329,0,70,47,117937,12620,9003,2337,2930,3566,8969,1252
1330,0,75,43,15997,24010,11035,9752,7453,20264,21596,16009
1331,0,63,53,3343,15219,6653,21791,9631,14278,13400,5701
1332,0,56,44,5685,57179,10575,8991,11925,11564,5688,8248
1333,0,66,41,5747,16197,13842,2546,11116,13825,8289,10207
1334,0,54,37,256841,88302,21649,7258,8358,15170,9700,9517
1335,0,54,27,7861,23185,4706,8636,13462,12687,18347,3482
1336,0,64,40,6749,6983,19142,5190,5115,13545,7841,4003
1337,0,64,34,9250,22301,472,7722,11203,12398,7703,9644
1338,0,53,20,291030,58047,2792,1329,1855,2079,1745,2309
1339,0,66,7,14959,14621,1529,3588,15253,31586,4543,4025
1340,0,67,3,5859,7219,10678,5954,8287,10647,11643,6144
1341,0,66,7,49680,25087,5100,5874,4661,12975,14153,8353
1342,0,87,26,10374,22844,18585,4922,9169,13652,8554,8554
1343,0,80,37,23304,14897,2609,6374,10820,20070,15212,8068
1344,0,80,38,7232,7273,13553,7565,3790,12380,6499,8584
1345,0,77,40,14482,18423,1117,8768,8633,7018,8173,7783
1346,0,74,44,3810,26135,18689,19346,5700,12329,22190,8296
1347,0,66,54,12711,15169,6410,12168,7948,15307,13708,8581
1348,0,61,27,67290,63302,441,3391,5673,22429,10374,4343
1349,0,41,35,945562,436746,199782,19153,16537,18603,16874,14240
1350,0,41,24,347705,13721,1212,5471,6330,3361,6442,4048
1351,0,35,26,1215716,54883,33385,12396,16579,22684,14552,13805
1352,0,30,38,139521,50812,7910,3801,10676,13784,11096,9140
1353,0,48,35,32037,53819,13417,9321,5683,11697,11549,8921
1354,0,54,43,237373,8292,18500,7725,11736,14645,7241,6074
1355,0,44,30,819197,230640,27522,10041,19066,19594,19346,38076
1356,0,34,41,1448857,255107,68806,67944,60965,26606,15881,21391
1357,0,53,40,32840,10716,4318,15091,18180,38903,25523,32521