sample id,signal strength,attention,meditation,delta,theta,low alpha,high alpha,low beta,high beta,low gamma,high gamma0,26,64,43,1289241,32525,16007,25339,22839,12225,1870,708
1,0,66,48,70253,23543,7656,10943,7381,3162,2316,694
2,26,66,48,2374204,59988,18063,80174,112506,46381,8103,3724
3,0,66,41,880716,95308,9688,12164,20548,5081,2436,2779
4,0,60,47,843625,118471,26412,22971,15975,7815,14261,11308
5,0,61,48,976948,294908,35645,174619,68719,87955,56805,19698
6,0,51,37,1065452,167586,29777,14508,16739,7021,8513,6592
7,0,64,37,67855,92247,9925,9390,8775,14815,10310,11481
8,0,81,29,55424,19297,5129,1680,5406,5104,3449,8004
9,0,67,16,562221,456028,49033,44352,52276,28442,47684,15087
10,0,88,20,533177,155155,35455,52665,64152,50581,21396,24958
11,0,90,40,1827590,141365,125188,79254,87774,59356,21244,5775
12,0,78,24,1925108,351450,26402,10458,85677,23161,3985,4285
13,0,90,37,1164737,319476,97471,125477,98574,85154,97011,75085
14,0,70,29,756748,71537,5571,10296,15205,3381,7522,2755
15,0,64,27,8107,16879,9010,13456,11818,3731,6612,4595
16,0,69,57,34515,61497,42702,16826,12750,11231,6057,6408
17,0,63,78,60565,24126,37162,30962,11771,7863,5653,5625
18,0,66,87,56320,44755,7580,9786,5539,3574,1678,3427
19,0,61,93,11294,12134,3981,18237,4998,2232,3965,1879
20,0,61,97,16504,12130,4341,18470,7963,3156,4332,2403
21,0,64,81,12480,22078,6895,11200,10387,3852,6029,1275
22,0,61,83,88518,82659,4862,26742,1748,5052,1719,2766
23,0,53,63,389006,142643,24666,11822,9776,4899,2715,1529
24,0,43,40,88354,131226,6042,21942,4492,5236,4230,1665
25,0,41,38,44449,23909,4111,10319,5698,3642,2008,5582
26,0,63,47,18991,5789,4060,7304,5306,5122,4335,3399
27,0,81,63,30125,23374,11377,16940,1393,7457,2637,2217
28,0,88,66,66817,16036,2637,1569,984,1095,874,1056
29,0,91,74,32532,27245,22284,7883,6679,7917,4608,2192
30,0,63,84,9607,31128,18674,100636,11034,3499,1255,2040
31,0,37,94,21328,18346,7121,63057,7600,1336,1822,1895
32,0,27,100,6410,14702,671,36327,8478,1491,1531,1596
33,0,21,100,28634,16502,6631,52475,2881,5689,1879,1901
34,0,38,100,36926,9868,14722,31935,8632,5538,5997,7779
35,0,53,100,20031,20073,13668,38566,8451,3684,1932,1510
36,0,43,100,263955,174258,30628,26735,6065,3104,1790,2093
37,0,48,94,18411,13437,1857,38070,5152,6192,1667,933
38,0,48,81,7879,12897,5912,6293,1039,2490,1799,1114
39,0,60,74,6780,18889,4277,15622,3550,5218,1217,1308
40,0,80,94,4085,15447,21574,39725,5381,6435,1396,1294
41,0,88,84,14704,7475,8379,2953,6588,4246,1228,1786
42,0,87,90,6006,11847,8032,11079,4411,2563,2024,1360
43,0,74,93,11287,17666,3976,15084,3093,1721,1816,1434
44,0,83,69,19821,10562,923,4554,4314,3028,923,1055
45,0,64,63,343383,68726,26537,3730,2924,4192,4200,2106
46,0,61,44,181354,12198,1943,1716,2323,990,709,274
47,0,60,53,33874,23409,18826,31427,1256,3059,2224,1907
48,0,51,78,4403,6353,42459,3346,6563,5041,1337,1884
49,0,57,96,12734,11906,14357,23716,7945,3900,1189,810
50,0,51,100,6818,6956,1449,60141,3443,2109,2243,1955
51,0,64,100,29052,16225,2563,22403,4090,5889,1060,1099
52,0,51,100,4050,7735,3415,90950,5307,3065,1664,778
53,0,56,100,4519,9536,2901,31108,5333,5499,1848,992
54,0,70,88,29952,8373,3498,10901,6748,2673,3702,1900
55,0,70,77,5179,10207,4340,1584,5505,2111,2013,2779
56,0,61,69,1970,19921,4761,67534,4761,1236,1351,805
57,0,56,60,4343,21586,8197,12082,5124,3192,1691,1105
58,0,48,57,6804,12705,8751,7614,9199,1650,920,1549
59,0,43,63,14121,26469,8139,12505,4409,3900,2252,800
60,0,67,40,18961,14682,2676,2577,6331,2368,611,873
61,0,64,41,19269,20791,11105,7719,2004,2034,1592,1329
62,0,67,40,35499,16676,6163,8769,6621,2267,1922,1065
63,0,69,47,9747,11900,16238,6329,3829,3604,2440,1142
64,0,70,48,6485,17697,5166,4918,10142,3800,1016,2339
65,0,80,41,5766,19904,6576,4808,6513,3995,2018,1095
66,0,84,34,12307,20203,4173,1755,2137,2524,3061,595
67,0,77,48,21265,4276,15594,47808,3382,3907,1320,1112
68,0,60,77,24287,8376,41931,42110,3711,2743,1312,888
69,0,56,88,80583,17228,25123,6043,2083,4595,1640,1114
70,0,56,100,6875,10689,1740,18124,4100,2987,634,547
71,0,77,75,6917,5042,586,4523,6345,4077,918,1609
72,0,77,70,6313,11250,23446,81444,11952,3698,2245,656
73,0,70,75,3928,10897,11014,28622,5805,3178,847,3357
74,0,63,81,167152,17804,12032,54920,7845,4361,4419,3534
75,0,35,94,666301,47805,3641,54056,2413,3188,2859,3551
76,0,41,81,615340,29533,12330,36158,12090,3914,950,1570
77,0,30,91,13008,7208,15241,75699,6661,2377,3632,2444
78,0,34,88,13511,15479,8836,23487,2522,2905,2127,1143
79,0,35,90,13379,21677,15660,37019,10207,2663,1387,1463
80,0,16,100,17321,22939,2568,73131,6450,1149,844,1354
81,0,29,80,246133,32098,8539,22792,4581,5353,2560,1447
82,0,29,88,33866,4098,3097,33170,4387,2676,874,1032
83,0,43,84,9763,7609,7467,7268,4133,2545,1758,861
84,0,77,69,12362,12991,2977,7461,3561,4765,1134,1486
85,0,61,80,12666,26689,5131,85200,11017,2784,1151,990
86,0,67,78,11340,3286,14896,12346,3958,3489,1278,661
87,0,54,91,23560,12162,18293,67575,3482,3408,1489,650
88,0,44,97,102559,36021,24502,49116,17815,8404,5903,5337
89,0,61,100,10399,9713,10872,68862,4177,7775,2474,1458
90,0,41,100,15272,13356,13951,116092,11759,3039,1328,1406
91,0,44,100,3788,4193,23718,64239,7133,4414,2205,1018
92,0,50,100,24446,30013,5947,9697,5713,5784,1245,1952
93,0,47,90,17955,17368,3833,27441,3735,3564,1433,1741
94,0,63,77,1124,22296,11995,27750,3466,6129,2707,1941
95,0,75,66,17519,11914,10786,37399,6139,8793,2244,1230
96,0,57,87,13057,25731,32342,88746,6815,3625,1699,1576
97,0,50,100,18006,4104,868,68904,1889,2788,2471,653
98,0,34,100,4596,4355,1631,74335,4198,1428,1042,587
99,0,16,100,28524,31239,11089,29035,15362,2323,931,1829
100,0,16,97,5915,17237,6771,39703,7522,1706,1134,1245
101,0,27,67,10297,10154,830,4116,5367,1563,1133,1106
102,0,53,47,5250,8719,2060,10456,5416,3920,1413,687
103,0,64,47,5933,15738,2663,13158,752,3126,1399,1217
104,0,67,50,5740,18666,15122,38771,2431,2676,2547,1025
105,0,67,63,29480,6659,4636,22275,11231,3518,676,1323
106,0,50,80,55361,7629,21314,56709,6914,3030,1330,590
107,0,34,81,138086,90121,17995,91125,7482,4447,1642,1986
108,0,35,83,163826,29313,41472,84004,9710,6944,1158,1044
109,0,29,90,13783,13131,11076,45446,4015,3842,1475,1101
110,0,27,81,18160,29638,14384,71385,9344,3330,1522,1839
111,0,37,90,11904,15121,7955,61482,7840,4418,623,1025
112,0,38,83,41040,21832,13814,26758,4164,3239,1334,1163
113,0,47,77,6782,12675,13784,11922,2346,5483,814,1429
114,0,53,80,32780,9255,15318,46007,5805,3400,1563,723
115,0,63,75,7654,10724,7737,24498,8763,5284,1627,175
116,0,70,74,16476,15176,5937,23610,8216,4583,1104,1178
117,0,61,74,12179,21628,27747,21465,14029,4001,996,1226
118,0,60,75,7383,14924,81881,17111,7292,4461,880,710
119,0,51,75,9152,12039,10960,10874,1248,2051,604,947
120,0,48,66,77372,45547,17135,9101,7654,5338,2053,804
121,0,54,70,20556,7452,17186,7624,1699,3498,2269,1290
122,0,69,54,7400,10340,1485,9486,4761,3254,728,1076
123,0,87,47,28759,6516,2528,6068,4058,4238,1352,1275
124,0,88,63,5892,6130,3721,23529,2076,2833,2530,773
125,0,94,51,2948,13632,6777,4821,3027,5122,1369,983
126,0,100,60,8698,3441,4109,14508,3190,4889,1511,1464
127,0,87,50,218872,37252,5227,3458,4010,4014,1491,542
128,0,78,41,74063,35999,20213,23633,2858,2955,2586,1146
129,0,64,56,14231,5821,12717,32862,7785,3188,885,1547
130,0,56,57,5409,14087,13753,31621,2435,6698,682,957
131,0,67,67,12694,9441,3273,5525,1824,3921,2056,535
132,0,77,69,11927,5276,7951,6285,2909,1570,911,534
133,0,81,70,12610,2049,17232,33941,10634,4780,568,787
134,0,75,57,29081,22557,2299,16491,15117,2810,1004,1343
135,0,75,56,9550,11700,1349,9573,4978,5740,1576,1991
136,0,77,56,8797,9867,11780,14666,6740,3270,1421,1181
137,0,81,44,29403,16256,9222,10828,6465,5794,2200,2220
138,0,70,64,4516,11370,27762,65174,4411,2441,1598,1025
139,0,54,80,9876,11608,11672,37182,4018,3075,2048,1556
140,0,61,83,7110,3735,7249,11178,2126,3557,971,907
141,0,48,96,8942,8540,6798,62107,9669,4018,1204,831
142,0,50,96,7484,7635,47893,63610,10731,3344,845,1606
143,0,54,91,7121,13818,16214,12625,5491,3454,806,824
144,0,51,97,13942,1148,18648,16476,3212,4282,1229,2418
145,0,54,100,12157,3334,8122,79401,6520,6283,1709,907
146,0,67,88,12037,21896,6404,30022,4898,5504,961,708
147,0,54,96,26965,13345,6423,67156,5685,2224,2069,1203
148,0,56,83,17049,8072,7096,5429,2708,3252,1069,595
149,0,48,77,6991,17741,55449,50953,15565,4034,1395,972
150,0,43,81,14557,14659,1221,43797,5483,3326,1195,897
151,0,48,78,18874,18907,17004,76805,13418,4472,2524,668
152,0,34,90,6571,14757,26951,59802,7016,3927,2102,996
153,0,27,93,21276,14091,4821,76753,5939,1880,1185,770
154,0,20,97,16139,20753,30837,58850,3902,2907,1712,1792
155,0,16,91,43048,36148,22380,30772,5198,2370,1729,1126
156,0,11,94,14092,22264,14780,120384,3540,3895,866,1154
157,0,34,90,13061,7589,18310,21329,3290,6514,2505,2116
158,0,40,81,1045,13010,9780,12430,2960,1708,1277,1291
159,0,38,91,5889,18259,4810,93023,5978,3042,1213,2583
160,0,38,90,8760,16606,2433,84676,2307,2574,1123,1894
161,0,21,93,9962,13950,3673,66788,4540,2338,1187,688
162,0,17,84,93513,86091,5482,32571,2063,4937,2087,1273
163,0,43,77,5634,3589,2812,13913,4406,4609,983,785
164,0,44,74,4706,11505,12118,44328,4577,2200,1256,508
165,0,54,61,92862,66294,8212,71144,12685,8834,4314,1528
166,0,69,66,124097,31064,13558,16678,3623,8335,2035,2740
167,0,60,61,262473,34900,22342,17316,11409,7846,4186,2192
168,0,69,34,74774,94264,5737,7843,2553,7918,1719,1270
169,0,70,34,1787,12657,4773,15378,2924,2950,2220,835
170,0,83,34,3833,2951,5465,1107,2390,3643,1410,617
171,0,78,40,2524,12699,28431,4853,7615,3454,1344,1121
172,0,94,53,4048,4587,3744,2608,3781,3423,1101,662
173,0,96,56,2720,6248,2586,15504,4855,2034,1382,666
174,0,77,74,8659,2766,3105,43700,3525,3106,1149,1597
175,0,69,80,10767,12943,4313,63558,3456,3545,1256,1397
176,0,63,87,37750,18516,29100,5227,5582,8015,11500,8201
177,0,57,70,66026,61202,3877,14000,5386,4240,3155,2508
178,0,61,60,13915,5940,5833,12064,4671,1920,1002,1538
179,0,77,40,4385,7446,3284,2252,4396,2188,1878,1806
180,0,67,35,76323,25172,8142,11185,7931,3285,1833,858
181,0,74,43,44786,32873,4678,23678,5278,5974,3176,1039
182,0,74,43,17391,16510,8991,23732,5618,4372,1243,1032
183,0,66,53,6693,7719,5963,16687,8600,3066,2200,1878
184,0,74,63,5072,6049,16035,4925,2867,3512,1753,433
185,0,57,81,11728,8120,12711,60042,3065,1893,1430,1095
186,0,57,78,8740,8280,5797,5769,2235,1871,531,616
187,0,48,88,13720,7167,12902,35906,3696,2046,2000,1532
188,0,43,90,13476,8560,4805,17764,1730,2763,1711,605
189,0,57,74,26217,21855,1920,30322,7500,5237,2648,2581
190,0,56,81,60031,22727,27129,58700,4741,9090,1749,1283
191,0,54,54,154140,113008,8617,15122,7229,4208,1782,465
192,0,57,54,731911,17693,20918,50428,12501,9156,1552,2492
193,0,54,57,244377,19214,23347,24437,6884,4701,2072,1743
194,0,51,40,107072,9708,655,2948,1166,863,459,343
195,0,61,64,6767,4976,3909,30477,5068,2987,1825,1868
196,0,48,67,6313,11883,12030,48889,11535,2261,3843,1055
197,0,53,63,27412,12679,745,16479,5700,3204,1451,3104
198,0,53,78,10297,7975,9181,21919,7564,2569,1561,1844
199,0,57,63,23272,23468,5154,12473,7774,4959,1540,1130
200,0,74,60,8434,4273,15191,3447,4317,2946,1365,866
201,0,81,60,18199,15646,15693,5304,2754,7251,987,1779
202,0,74,63,7643,21309,37578,35169,4127,2883,1110,698
203,0,57,67,1541602,85439,31509,56416,5669,5486,3436,2090
204,0,61,60,986272,51147,38963,12569,7003,15845,2435,2072
205,0,35,80,60134,19812,4877,221447,5350,4628,1066,385
206,0,37,81,13084,14599,45297,70880,13734,5574,1043,1138
207,0,43,100,27121,8809,25796,97871,3893,7286,1048,1558
208,0,34,100,27451,19016,18480,19834,3774,3969,675,779
209,0,40,100,45942,3967,34077,39747,5199,2407,663,2020
210,0,56,90,77010,19170,3935,12955,5343,6167,1831,1093
211,0,51,84,14374,13227,32266,73352,8407,4060,968,758
212,0,41,87,4205,10341,955,27706,4796,1166,524,537
213,0,50,74,7312,19829,4234,26842,2842,3315,2206,949
214,0,35,91,10299,8972,4930,88679,4207,4504,1122,628
215,0,41,80,31683,19383,10907,26414,9643,3765,1881,610
216,0,27,94,12708,21430,60415,188744,6322,2461,2523,911
217,0,21,100,20815,7205,13014,123301,6539,5320,2579,654
218,0,14,100,2385,13838,15998,99351,9443,3210,2133,1069
219,0,8,100,20123,6014,8653,104707,5761,4338,1819,567
220,0,27,100,19283,28034,3730,57727,2763,4012,778,1924
221,0,27,94,184104,27201,5602,31891,3646,2697,790,749
222,0,44,77,79332,24835,2859,17653,1772,4995,1323,1275
223,0,48,66,53415,12378,10197,31163,7072,2904,1004,684
224,0,54,63,26171,7882,8189,17945,6859,3574,1515,1155
225,0,64,63,55168,12783,3118,17472,2830,3297,1371,891
226,0,57,67,108238,20059,21837,5833,4638,2937,1462,1140
227,0,56,78,17873,14026,34226,97323,4169,5876,1366,1312
228,0,56,75,63804,21816,3217,32717,7570,5805,1586,1787
229,0,47,69,887220,57715,22399,24379,6859,3958,1759,974
230,0,38,87,6472,2919,8391,26211,1285,1021,228,194
231,0,40,83,35389,9896,46991,64929,12462,6353,2021,1433
232,0,26,93,206503,34109,57323,79504,6588,4199,1441,1511
233,0,17,88,2004563,47539,14567,6686,8038,1496,386,220
234,0,34,77,46525,18212,7918,52482,7943,7389,1043,1481
235,0,47,63,17088,8309,5557,11212,7044,4995,2259,1548
236,0,56,53,3301,24806,5585,34921,8217,3758,1621,1330
237,0,70,60,7428,16657,3744,12128,3504,2863,812,913
238,0,57,51,122084,66642,20045,35879,7343,3249,1393,949
239,0,41,56,6364,10316,8899,32243,14057,2300,1138,1115
240,0,37,64,89295,17675,24508,60816,5550,3823,1896,2399
241,0,34,81,24987,3544,12865,51320,6606,3920,1310,2649
242,0,29,91,5363,19776,11000,43256,4688,1578,2360,2082
243,0,30,94,24871,21950,21922,41911,5288,4146,882,660
244,0,21,91,13883,20999,10870,67215,13586,1460,2063,1537
245,0,24,90,18257,7212,6157,75311,6202,7094,1911,1568
246,0,44,78,25100,20237,3671,13473,4683,4974,1311,1142
247,0,56,77,21074,12426,3200,43254,4082,8283,1137,968
248,0,75,75,35171,14724,16197,18490,2914,3860,1306,1449
249,0,74,70,70521,15352,33091,22842,2134,4976,1006,1366
250,0,57,70,53527,44488,8522,22406,4607,2515,679,541
251,0,56,69,7112,17126,10321,28108,2790,7524,1807,835
252,0,51,70,28607,15896,14887,31692,3681,3072,1194,1204
253,0,53,63,45391,19513,8911,24157,10628,3981,1145,824
254,0,50,67,22346,21518,10952,18284,2855,1100,1281,1258
255,0,35,63,73694,34729,5118,24523,4146,2218,900,2008
256,0,27,66,18754,11633,23459,32624,3159,1972,2293,691
257,0,16,67,11544,60988,19339,76169,2379,4041,2720,1642
258,0,14,84,45587,12169,37167,138321,10469,3570,1588,1282
259,0,11,94,3994,17049,23715,31508,3310,2014,1514,787
260,0,24,90,13686,13210,6834,30295,6564,4255,1586,510
261,0,24,94,3113,18265,11226,94646,13045,3382,759,2448
262,0,29,87,15818,36950,14837,127509,6613,5311,839,600
263,0,27,87,22050,10248,18666,30211,7982,1479,618,737
264,0,27,83,24744,17812,19343,17362,3978,4950,1982,2385
265,0,41,83,16968,9357,4745,37685,2440,3968,1682,1794
266,0,47,78,2794,14867,22651,16101,5172,2906,1013,907
267,0,50,78,2911,22106,29524,43831,5663,3164,1552,1226
268,0,48,84,19465,9756,24114,32860,4795,4777,2205,1167
269,0,35,84,38344,28276,24696,63472,4183,3138,1964,1655
270,0,30,94,10733,4582,19695,32307,2579,2228,1356,1600
271,0,43,91,22825,6385,3838,14521,2968,2515,1511,599
272,0,37,87,39417,14661,31791,11318,9814,2029,3644,1150
273,0,50,87,30736,11143,40250,9399,7227,5908,1030,852
274,0,50,74,16392,25952,6673,32613,2159,2340,1149,761
275,0,53,67,21223,4892,6226,4616,3779,2209,1219,788
276,0,57,64,11777,17753,11368,23833,3850,3067,734,539
277,0,44,74,37317,8798,9651,66545,1970,2448,1048,1125
278,0,57,77,10686,7334,1810,26827,3895,4451,1240,859
279,0,57,63,13029,32736,4748,6464,3418,5173,1751,725
280,0,70,66,10509,1457,14577,15740,5994,6918,1348,891
281,0,74,69,25264,8522,12434,114586,3321,4443,2184,1017
282,0,69,74,5334,9054,14979,37794,4681,6044,1501,944
283,0,51,100,277969,7573,19261,64504,3992,2267,1757,1501
284,0,27,100,19044,15628,11530,103233,8054,3499,1103,1722
285,0,40,100,3800,4699,10703,55779,4393,5971,1678,1432
286,0,34,100,13200,19409,2887,36830,1949,3236,677,1425
287,0,51,87,10123,9029,9045,19121,5189,4942,2586,350
288,0,50,81,5186,3575,45570,9432,15394,1523,1733,566
289,0,54,78,13391,5643,16145,16869,2854,4189,976,980
290,0,61,80,10184,6896,2372,22549,3536,3398,944,516
291,0,56,84,25692,12147,7444,40658,2584,5111,1071,1130
292,0,69,88,5116,6027,29900,34219,2848,5740,911,2478
293,0,74,80,14630,7746,4193,19104,6719,4900,1817,891
294,0,51,81,31703,19889,19418,29952,2841,960,2183,496
295,0,48,88,15638,8785,37098,54438,6750,5751,2389,892
296,0,30,87,12228,12629,16702,45113,2138,1322,1711,593
297,0,24,93,12445,6244,9879,19198,3561,3080,2087,816
298,0,44,87,29902,19848,21343,23889,19696,5140,811,1547
299,0,43,83,7551,7375,2653,35516,4071,2353,728,889
300,0,69,64,5641,6581,3089,3738,2542,2782,1397,949
301,0,64,51,10372,20408,1055,11714,3502,2090,2462,753
302,0,81,41,10392,5150,749,3878,3159,3482,1061,1014
303,0,88,35,39513,13654,7539,19616,4400,3584,1194,1215
304,0,78,41,10966,5985,15016,7639,10111,1991,2681,889
305,0,80,34,110773,48146,9741,1963,4761,4508,1456,1620
306,0,60,34,24369,22894,8175,3426,2710,2236,1505,1645
307,0,70,30,12807,9968,11130,14633,4274,8502,2786,1384
308,0,69,37,3403,9592,1992,41950,4203,3828,1851,1472
309,0,78,51,24332,8594,3862,9699,3095,3356,949,608
310,0,83,50,1498,32185,3048,10776,8297,4102,2285,1528
311,0,64,37,4017,61043,12701,6842,7423,3686,1972,739
312,0,63,30,29260,15897,20973,24621,12504,3485,999,2669
313,0,51,20,24167,33288,4753,4546,1678,2496,2438,1124
314,0,57,20,10697,10477,2772,1887,3235,2646,1685,636
315,0,78,23,15510,7097,2183,4523,4219,4128,1664,1479
316,0,97,13,18178,8427,4913,2687,2786,4680,1156,854
317,0,100,8,9861,12890,172,3134,4659,2983,603,805
318,0,91,38,21190,4434,11358,77671,2470,3254,2349,4287
319,0,74,54,22493,8857,16271,37399,10492,3624,1330,1056
320,0,54,70,6171,17722,2147,72458,5436,5188,1578,1770
321,0,44,100,10648,7201,27007,30840,9863,4010,1562,897
322,0,40,88,13769,9229,4150,46845,9940,1287,1742,1209
323,0,34,90,19125,12745,17415,46756,10881,2546,722,856
324,0,35,90,10055,10093,14229,36179,3390,4206,520,543
325,0,54,74,2607,2896,3897,2400,4135,4947,948,1153
326,0,54,80,10483,6208,16107,69714,7401,2223,844,973
327,0,60,77,17272,14969,742,32763,1948,2309,1146,1171
328,0,54,74,15561,14484,7435,30131,2510,3127,1652,1917
329,0,34,90,5954,6288,2223,42086,3966,2944,2252,1004
330,0,35,84,22150,9864,5897,27143,1852,1348,956,1199
331,0,40,84,3283,9666,1653,35257,8445,3978,1737,474
332,0,38,87,11797,8921,8574,33612,4520,2636,2180,744
333,0,41,84,6062,10307,24641,25145,5081,4346,3991,1875
334,0,50,81,4225,8866,3116,33297,5842,3138,1562,1062
335,0,53,83,10073,3224,5810,17331,5301,3273,2492,701
336,0,51,80,369857,16698,5031,60241,15031,3672,985,1265
337,0,34,84,24181,13640,18184,82979,4736,1590,1100,1250
338,0,30,83,15398,9978,3591,20968,2158,1954,2738,1517
339,0,21,93,23018,8093,21359,76335,3303,4238,845,945
340,0,14,100,2328,9327,40278,68928,3022,2643,708,820
341,0,27,97,12770,15032,24690,45393,13914,4883,976,760
342,0,27,97,7977,18606,12228,48842,8734,4284,648,1043
343,0,35,90,949,6435,7127,18601,3099,2535,990,810
344,0,54,70,4884,4727,2530,11788,6180,3371,1544,932
345,0,61,63,15407,13884,6201,17895,7841,3868,605,744
346,0,63,69,3854,4094,11504,22456,3461,2768,1807,1016
347,0,63,57,5715,12763,5057,6035,937,1667,1553,2202
348,0,60,48,7680,11480,4234,2416,2939,2050,821,1114
349,0,66,54,4284,4310,12757,6505,1851,4736,1082,1251
350,0,66,47,4215,13739,8268,17664,3980,2705,463,718
351,0,60,61,18403,10143,3374,57204,4914,2405,1493,680
352,0,48,80,5051,10015,15756,41563,8544,3220,946,822
353,0,30,81,4803,14914,1260,51088,3080,3011,1490,896
354,0,20,94,6835,34202,65541,171044,5909,6328,830,515
355,0,37,83,10508,7833,6387,11699,4452,4133,1519,1130
356,0,44,70,12396,11312,2593,8959,2556,2077,674,985
357,0,61,53,12329,10252,1947,3460,2903,3373,908,820
358,0,74,40,38227,22410,24164,20155,3335,5417,831,1191
359,0,60,38,12617,27378,12946,23292,12424,2686,2043,767
360,0,50,50,6513,17922,14013,47026,3327,2990,1555,1463
361,0,35,64,11137,18669,7435,26097,2093,2567,1114,550
362,0,41,61,4269,7638,7887,6100,6698,3308,1743,672
363,0,48,63,1699,9707,7375,15170,7844,2092,1101,887
364,0,56,64,8378,2892,11372,15461,3945,2701,1082,1278
365,0,50,60,3637,34873,3014,28155,3477,1993,2129,1333
366,0,37,61,40263,40698,9923,44524,5141,3530,1562,1107
367,0,26,81,3233,10128,30095,118368,3201,3629,1155,996
368,0,14,88,2885,7024,15004,67018,4955,2162,1587,870
369,0,29,97,19304,9481,26428,25474,4627,7698,1307,1656
370,0,26,100,8786,6466,1666,45772,2177,1564,761,965
371,0,26,100,16518,9245,75986,66603,3266,3755,783,617
372,0,34,100,7536,13536,26872,22146,4483,3492,2243,777
373,0,24,96,6345,19783,6425,41385,7776,3756,1322,787
374,0,44,78,701,14506,9679,7304,8478,6858,808,1830
375,0,60,67,10467,3371,24622,10461,3729,4122,2786,1465
376,0,57,50,103994,48472,16667,1535,3456,3364,3204,4452
377,0,64,51,11010,14184,17257,16267,4189,4214,966,644
378,0,60,61,3539,9401,13868,14845,2847,5007,831,1044
379,0,60,40,9153,12993,3070,4388,6943,2159,1826,971
380,0,67,51,5350,8704,4922,26680,17207,3846,997,1378
381,0,70,50,5158,9022,14204,8392,5157,4227,1273,1377
382,0,67,51,16485,4338,7611,13393,3596,2242,1061,798
383,0,63,70,16517,6023,15538,49798,10783,4844,2335,939
384,0,61,70,80314,19581,2747,24899,4076,4356,1744,2207
385,0,60,75,6379,3276,1510,7754,851,1458,1054,1497
386,0,63,53,4383,24082,1439,4734,3179,3331,1697,848
387,0,70,34,4952,12136,3104,4131,4285,3582,2029,831
388,0,53,17,113188,92416,2534,17632,5521,1568,1577,1858
389,0,50,13,8081,8871,7006,7667,3376,1819,939,2391
390,0,54,23,5818,4998,4034,1358,2277,2288,1619,1390
391,0,50,30,7920,9553,723,13925,4355,2384,814,527
392,0,75,44,3850,4427,7696,5357,6515,3285,1610,1543
393,0,69,27,46210,38744,751,6410,3388,2173,1342,1021
394,0,61,13,364898,213219,16217,11368,15396,23798,12188,7525
395,0,78,1,841313,60274,28383,9258,27018,57160,41826,42885
396,0,78,1,345075,91301,22485,26442,9480,25965,48490,48288
397,0,77,1,307665,325682,33054,21240,36359,14434,37749,18182
398,0,84,7,95513,23942,4635,12345,2974,7416,15216,3999
399,0,60,11,183165,33489,7396,12589,2911,2831,2803,1809
400,0,50,13,1772641,87571,9702,41256,23573,8218,12028,20214
401,0,54,23,78710,49338,12757,13516,3941,4755,3636,2010
402,0,41,43,17936,4612,10534,40567,4632,2872,1784,1745
403,0,38,60,11062,11641,4885,53136,2187,2622,1410,1471
404,0,41,74,10356,14453,15760,34605,9175,6022,1602,2498
405,0,43,91,5132,9149,5002,49283,1763,4890,2092,1605
406,0,41,87,15515,20219,2014,55207,3036,3347,1635,1533
407,0,50,70,10770,11501,4317,8853,4620,2033,354,921
408,0,44,51,22807,53223,5342,6080,4403,3500,1604,855
409,0,60,27,7069,8962,3618,3192,10711,5884,1562,1150
410,0,61,16,3642,24917,17843,1557,4675,2227,1496,1316
411,0,75,13,13934,12677,3365,8606,3660,7396,1496,833
412,0,83,27,28378,21853,13990,15205,3452,6844,1823,1990
413,0,57,24,151577,161737,17870,14696,10731,5362,2808,2380
414,0,57,30,35291,18557,26949,10847,8345,2943,4667,1690
415,0,50,29,42950,34897,10922,5541,3609,6580,3232,2272
416,0,27,10,356045,164400,19346,2519,4473,3020,2569,3082
417,0,34,16,123550,65398,10498,18908,4715,4195,1496,3555
418,0,40,17,26552,13144,8262,35107,11643,5827,4690,982
419,0,43,26,30320,18848,11880,25571,7593,8634,1234,2085
420,0,63,43,10925,13602,14814,5764,13878,4292,1357,1264
421,0,61,53,3044,23301,10976,35343,8319,3035,1688,813
422,0,61,50,1305,8345,1833,12681,3964,2415,2328,1495
423,0,56,47,7912,7799,1134,6707,2723,1498,1025,642
424,0,61,43,6546,6046,2720,4157,5595,2755,1501,717
425,0,83,34,11013,5866,490,5428,4204,3957,1077,911
426,0,69,14,66675,134670,4182,18777,10969,4370,2735,1554
427,0,80,8,29227,10927,3583,3905,6223,3837,3386,647
428,0,78,13,39971,13368,13037,2678,3927,5909,1452,689
429,0,60,3,1531,30686,2682,2084,2416,1886,706,1084
430,0,67,24,5240,9249,4893,18618,2835,2277,1390,1060
431,0,53,43,3825,12780,12742,36444,3392,3513,1228,1409
432,0,51,50,9607,7248,4556,16608,1936,4515,1520,1732
433,0,51,80,7986,9749,3243,54821,5189,3461,555,463
434,0,51,70,3555,17668,1329,12216,2697,2054,940,951
435,0,53,63,1726,9109,5586,9058,3154,1642,1167,1398
436,0,44,54,9652,27768,9145,14201,2199,3357,1844,905
437,0,53,47,4517,16057,3561,35495,7769,5187,1321,857
438,0,40,53,9003,23449,3653,29702,3775,1093,1204,1161
439,0,60,47,2896,7271,3400,10899,8149,10615,1814,2378
440,0,64,48,9371,16310,12089,4567,4743,3970,1245,937
441,0,64,37,4146,14118,1478,5554,1741,2162,2311,1429
442,0,84,27,20347,15305,7347,5470,4899,3923,1462,583
443,0,78,34,28724,2636,4944,3908,3137,3059,1016,1176
444,0,74,44,5166,8497,4390,27493,3295,2696,1077,2567
445,0,80,41,11777,12773,1508,3906,1212,3558,1120,637
446,0,80,38,5699,16789,4329,3449,1216,3530,1287,1208
447,0,78,30,18993,14011,2801,6891,3144,5095,1116,862
448,0,77,14,7424,17145,1655,7563,8026,1440,2266,624
449,0,70,30,17790,6405,7706,14350,3353,3518,1658,1439
450,0,60,47,50463,20605,11290,42328,5054,3631,476,1089
451,0,47,66,10415,10194,7398,59899,1481,4203,1343,1089
452,0,40,93,9881,6813,15643,61452,4250,2232,970,924
453,0,26,100,11062,2783,3652,45344,3778,1537,774,840
454,0,27,100,6080,7702,5457,46798,1406,3594,1546,1090
455,0,34,100,2171,4518,7069,9552,4678,1969,2341,807
456,0,47,88,25430,8965,9411,15684,6030,3226,1613,1606
457,0,56,78,19328,10525,5565,24721,2212,3537,1186,956
458,0,69,50,4114,8755,1038,1944,3325,2993,1229,883
459,0,70,48,120507,9781,9293,18572,4800,4080,2158,427
460,0,67,63,4643,2727,2839,46333,1497,3200,3939,863
461,0,63,69,12531,7119,14685,53391,4950,4830,1740,1194
462,0,41,94,22071,11469,12446,69980,13334,2470,2827,1222
463,0,38,100,2620,4470,52676,43089,5466,7204,1043,1158
464,0,47,94,2776,9644,10146,28293,5427,6514,1784,388
465,0,51,93,2638,3359,13605,24966,4756,4654,1308,1200
466,0,53,91,4878,9231,2062,34374,3564,1302,1089,951
467,0,50,90,15024,3938,5853,55282,5934,3608,1157,570
468,0,35,91,16000,24165,18189,48164,5979,2973,1468,971
469,0,26,91,22121,7803,13084,30058,3706,2201,1997,2236
470,0,30,94,12328,6416,33971,43494,6364,4500,1164,1016
471,0,37,91,11259,3593,4633,28713,6809,3617,1593,856
472,0,37,84,75673,36363,15575,34935,8850,2611,865,1510
473,0,41,87,13488,12206,8146,68485,4378,5832,594,580
474,0,29,80,19148,36667,7217,97134,7283,2420,1145,1351
475,0,20,81,7649,17822,24865,44558,3489,3015,1420,1479
476,0,26,88,10775,11594,2526,39676,4182,3221,865,1790
477,0,21,84,12324,9286,21210,33315,8989,2847,740,1352
478,0,34,75,3810,28872,3269,24158,6616,3259,635,1207
479,0,41,69,19453,9381,4389,28070,6430,3159,1696,2418
480,0,41,69,1798,5356,14979,23492,9023,2687,1330,1442
481,0,40,77,15783,14244,20484,109871,4007,4764,1435,1293
482,0,61,66,15033,6744,513,3050,2930,5590,1743,1257
483,0,75,54,32504,9635,4430,4452,1805,5184,1711,1204
484,0,75,61,6829,5740,9059,60619,3621,5384,987,820
485,0,83,48,15995,24202,14268,33729,4482,4781,891,964
486,0,63,69,8707,8652,6226,37258,5597,3518,571,1592
487,0,47,88,12330,7132,15705,39589,5150,3462,2565,2360
488,0,43,88,10561,4974,12603,48005,4610,3445,1864,1215
489,0,35,90,12349,29858,24390,33537,5600,2832,523,2199
490,0,29,77,84701,49214,22313,14962,7898,3461,1160,1022
491,0,29,80,5565,5631,1060,41260,1292,2329,1153,1046
492,0,23,83,28180,6978,32522,80302,6545,2836,1970,1001
493,0,24,83,16611,16312,27018,20702,9539,2686,972,1228
494,0,23,100,1193,23385,24080,101467,6744,5408,840,510
495,0,14,96,18038,12318,2010,54280,3978,1626,1378,1014
496,0,17,88,24957,18735,17588,46364,4752,3117,1939,1253
497,0,17,93,48065,20323,7835,80346,2133,4249,865,1164
498,0,37,74,5005,8313,7056,2102,7070,3627,543,1079
499,0,44,75,5259,15525,31486,34304,2243,3374,1656,2526
500,0,41,66,31483,25710,8085,27979,3521,1743,1577,2767
501,0,48,56,24501,14529,4832,22143,8303,3395,943,999
502,0,34,74,19896,3599,49500,33842,23089,3943,1825,1680
503,0,30,74,2289,21291,17254,66551,3485,3678,1630,1472
504,0,43,70,23115,31361,6069,33303,6742,5688,1731,767
505,0,47,60,6519,16041,1547,5414,5283,2985,1007,1674
506,0,56,27,23004,20169,1782,587,7011,3128,1204,1115
507,0,64,17,8550,13635,15701,2676,2874,2571,951,756
508,0,67,11,36443,29813,2328,13187,9103,5195,554,956
509,0,67,17,144353,12075,6458,4473,4414,3038,1000,611
510,0,69,30,15366,7722,1643,3925,3049,1901,769,985
511,0,77,34,19373,4641,4403,3866,1916,2213,1069,583
512,0,84,41,7430,1208,8826,1126,6025,2767,1802,1340
513,0,91,44,10180,7138,9133,2346,2258,4359,1071,1361
514,0,90,61,4139,4642,13644,13978,2519,4113,984,844
515,0,87,57,4512,13220,10587,4082,5545,3169,1248,1288
516,0,77,56,14283,18902,9834,11648,1851,3925,1102,1376
517,0,75,53,3654,7667,1583,5179,1040,2849,1339,687
518,0,64,44,8576,23441,15100,14687,3382,2313,1782,622
519,0,70,51,28543,4154,4627,13430,2818,4380,1462,1372
520,0,66,60,15780,9962,6066,24602,3016,2333,1129,2153
521,0,63,56,15623,22201,7203,6182,5083,5326,1116,624
522,0,61,75,12273,3102,23434,29598,1335,2369,2436,1189
523,0,47,80,10711,18008,60453,8961,4761,4077,852,327
524,0,43,78,11413,12350,5612,39002,10701,2351,1181,750
525,0,34,100,4128,8200,10884,71498,4706,4797,735,1117
526,0,43,84,6679,13021,10713,18963,3685,5613,1178,1231
527,0,50,64,7660,10425,1092,2878,2144,1406,3335,1516
528,0,60,60,4533,7907,5105,5196,2436,2089,849,1190
529,0,63,23,76100,53901,1440,4679,4281,4082,1732,1591
530,0,61,20,9134,10465,1221,12154,2847,2341,1470,1340
531,0,64,29,14440,16366,1181,23152,4980,4601,1872,2183
532,0,70,24,2076,7588,6724,1834,3639,4552,2545,1187
533,0,70,44,3935,16967,11925,5593,4172,2511,1443,1205
534,0,70,37,24364,20244,4642,5821,8459,3237,1575,968
535,0,74,35,14405,9652,6107,6234,2670,3033,2214,3133
536,0,57,38,9717,19925,13038,6283,5371,2419,1455,885
537,0,63,43,3121,4480,4210,13283,6387,2234,1022,781
538,0,66,53,17394,8472,8624,13696,8354,5363,1082,1981
539,0,69,53,5061,6756,3617,10161,4026,3777,799,882
540,0,57,69,5723,17656,22073,79243,3097,2297,465,1558
541,0,64,57,16538,19966,3932,5550,2019,6383,1103,595
542,0,51,77,3750,3253,12039,63928,3522,3236,1047,1054
543,0,43,80,5276,9670,15318,8401,5854,2637,1051,794
544,0,60,78,8786,2726,1366,39435,3251,4103,2137,951
545,0,43,90,3304,20199,3067,31182,5214,2100,949,559
546,0,50,69,5772,15452,9705,12195,8389,3024,2482,1841
547,0,48,74,5816,10497,9606,24090,5232,2687,947,1625
548,0,44,64,17555,12444,9367,20790,899,3329,766,882
549,0,60,64,5851,9068,14509,13614,6181,6827,1037,1455
550,0,56,67,3313,16352,11174,13312,4132,2229,2226,856
551,0,61,61,28302,16475,6335,19399,5639,4374,1884,667
552,0,66,53,7650,8253,2738,5653,3264,2391,2069,1113
553,0,60,53,8741,7225,2508,13929,4605,1861,1100,718
554,0,57,47,2907,44306,7791,17481,2544,3586,1774,1322
555,0,56,53,4687,10080,13893,24412,3807,3827,924,1517
556,0,54,64,3915,2152,2748,23604,5114,3559,831,1512
557,0,60,69,12785,12421,18725,42560,8501,8776,1547,576
558,0,50,90,7490,5957,27499,51309,8086,1748,525,229
559,0,44,90,3903,9658,20878,25821,6956,2922,3276,501
560,0,48,81,16935,9363,2720,11418,1398,3868,1522,551
561,0,48,60,12574,9696,1611,779,2275,1459,688,1271
562,0,78,41,5105,5121,3757,6145,4258,5896,1381,910
563,0,87,41,7150,8687,23439,19440,4277,6322,1294,934
564,0,77,54,5727,6523,35615,44180,7215,4839,1941,1037
565,0,69,81,3620,7228,26742,38464,7076,4773,823,637
566,0,48,100,1329,4990,46543,76099,5229,5752,2414,811
567,0,30,100,10581,7917,10914,52828,1346,1604,1056,1332
568,0,29,100,14579,6111,5385,31577,8420,2257,1425,669
569,0,41,94,24332,8711,9828,7157,2268,5734,1256,943
570,0,47,84,18844,4835,11508,24219,6876,2725,1199,694
571,0,63,67,7059,19238,8285,22010,5572,5974,1263,782
572,0,60,75,29891,10910,45745,49238,7432,3661,1653,1679
573,0,56,66,8584,10085,7753,1331,8479,3256,711,448
574,0,60,57,11959,12771,10769,14279,11369,4048,1104,1158
575,0,51,69,66388,11830,23862,38755,4146,3674,1550,1445
576,0,60,61,14290,10735,2415,35560,6105,3954,753,3055
577,0,40,81,7261,10259,19103,40251,3447,1451,2185,686
578,0,40,87,10792,8826,4079,20747,4831,3799,1480,1896
579,0,41,78,18469,31047,17630,36808,3728,5370,918,1724
580,0,43,81,10391,4875,6831,20670,3915,3128,1979,1415
581,0,54,80,6676,7816,37160,43969,8184,5984,945,1398
582,0,47,93,14403,4254,37353,53722,7375,3956,1118,1358
583,0,54,96,1408,13652,15316,58966,7102,11402,1313,1109
584,0,50,96,7493,8960,21145,36876,14511,4381,1389,740
585,0,43,96,2092,10909,32584,29515,4832,2435,2980,836
586,0,48,87,2835,11329,7709,27160,5217,3210,2577,471
587,0,48,84,20486,8305,14540,33680,6387,7417,1103,678
588,0,50,81,14561,20604,26626,21197,3430,5393,875,1461
589,0,56,77,30191,15676,15436,40544,7514,4792,2935,816
590,0,64,78,3878,6160,6049,34819,3649,6887,1043,877
591,0,61,77,9126,11906,8968,24479,3689,4120,1444,1015
592,0,64,81,9311,3059,2970,20315,2911,2970,898,1095
593,0,83,66,6460,10783,4243,4731,4634,7840,1850,1105
594,0,77,66,2088,11245,2266,35321,3111,3812,1146,867
595,0,74,70,9827,16235,42882,31134,6408,6004,1208,1207
596,0,83,63,2551,7952,5122,25172,6326,12753,2120,1879
597,0,66,75,5815,12161,7468,20510,1711,2917,819,1052
598,0,67,70,4341,13457,13763,17373,4838,3844,1086,623
599,0,77,57,15916,22373,9925,18038,15657,7340,1188,983
600,0,69,64,7360,4981,6568,23799,1792,5701,1562,873
601,0,74,67,25406,2745,2928,21862,6723,3213,1015,1198
602,0,64,77,9569,13737,24092,59961,3719,3845,1088,1155
603,0,69,80,8534,4115,4230,5026,4383,2976,1829,1855
604,0,74,64,21860,18724,1786,11070,3929,7849,1233,307
605,0,70,64,7411,4710,8073,15814,4639,2323,2871,898
606,0,70,60,5791,9752,6984,33562,2631,2336,518,517
607,0,64,48,6997,15854,1875,3534,4710,2275,789,1097
608,0,50,56,14773,19090,1388,24894,4155,2496,3454,897
609,0,27,50,65425,90906,13960,76508,6152,2029,476,804
610,0,35,51,36407,3636,16338,13971,2256,3158,721,1108
611,0,41,66,13841,6429,3235,23345,5944,6841,1438,1510
612,0,51,66,4796,5894,2137,8078,2707,2660,1868,1916
613,0,74,69,6570,13895,5888,21174,1972,3350,974,1252
614,0,69,51,36063,37313,8978,11105,3926,3955,982,1508
615,0,63,51,18846,10961,3483,22535,5455,3718,2588,1801
616,0,50,60,48904,13813,5371,49284,5804,3078,1674,1878
617,0,37,48,429216,110898,20261,27548,6315,3528,982,1250
618,0,40,54,12848,13039,4127,17642,6452,3807,1121,724
619,0,41,47,12633,21608,5039,8461,4285,3928,2598,846
620,0,47,40,15915,19138,5313,24284,3625,3148,1114,956
621,0,54,54,7617,10790,3658,31182,4501,2270,2867,1336
622,0,50,51,12746,20955,7079,11188,4360,2504,1098,1062
623,0,43,66,11876,6637,9700,26380,4878,2705,799,816
624,0,63,57,3906,7276,3019,5978,3731,7819,1449,860
625,0,67,56,1664,7667,11833,11903,4183,2837,928,2009
626,0,75,60,10234,8534,7335,8913,5943,2605,1638,682
627,0,77,44,3709,10592,7112,6080,11582,1733,1404,1681
628,0,61,53,4353,4678,3968,9780,5303,2040,2606,1832
629,0,66,47,1913,13099,1157,13953,6887,4019,2016,1029
630,0,64,51,5384,11980,7429,24009,2279,3581,1373,760
631,0,60,75,8784,2194,9831,43917,2751,2689,1388,1431
632,0,53,84,3328,1983,6669,42728,9839,2881,1930,1355
633,0,48,88,8428,12722,8878,7458,2254,2645,1237,1534
634,0,54,78,9597,17219,1154,14281,4524,5182,1788,788
635,0,60,64,25201,4457,2877,13759,3655,1873,2474,1275
636,0,60,47,19095,19631,7813,3275,3770,1602,5480,1603
637,0,74,38,5031,4695,3399,1064,4743,2881,1227,1255
638,0,64,54,18905,9558,16687,51944,3686,5216,1943,1699
639,0,67,53,10843,9338,9827,19271,7179,4794,1336,1599
640,0,77,64,7170,7758,1898,26664,3267,4204,1389,1737
641,0,75,67,6114,8715,1025,8831,4814,5710,1039,1416
642,0,78,63,12107,11481,1599,41684,4752,4924,664,1362
643,0,83,60,6798,3883,3676,4984,1387,2583,1910,1358
644,0,80,61,4694,6197,6120,21833,3784,3089,1928,911
645,0,61,64,22068,13454,5734,6538,3398,1165,1051,1315
646,0,78,44,26575,7920,868,2318,1976,5088,1211,1603
647,0,81,47,6387,5121,8165,12709,2091,7397,1291,1562
648,0,84,48,6240,3350,3850,33298,7609,5366,1882,1412
649,0,88,63,31933,5766,4073,57670,6441,4224,1116,911
650,0,70,77,10557,10868,15766,6089,7715,2761,1751,875
651,0,70,74,21033,3538,496,8475,1137,3731,2182,899
652,0,84,61,6673,1851,3008,2496,2639,3889,1138,1132
653,0,88,57,9010,4844,13229,13945,4589,2707,2341,760
654,0,80,64,6609,9531,24137,16898,5230,1668,1450,1228
655,0,63,80,8113,3543,18509,57389,6801,4646,609,1129
656,0,57,81,6644,7998,6807,7894,6033,7283,1754,981
657,0,54,83,5069,11852,7021,52170,2854,4433,617,2304
658,0,60,81,15007,3566,2454,31457,13893,1943,1158,2694
659,0,60,78,9689,8536,34661,25998,2012,4951,1704,742
660,0,48,83,128114,29350,6792,50131,4782,7402,1896,1908
661,0,44,77,8103,35278,9802,48030,3741,3908,3155,2023
662,0,47,81,6424,9192,1223,46668,1857,3516,2398,2715
663,0,38,90,6377,4078,18583,79099,480,3124,2018,560
664,0,37,94,6560,7591,14845,16943,1967,3249,658,1015
665,0,37,87,9304,15580,4831,9939,5595,1367,2771,1088
666,0,48,78,29993,11545,24351,3844,5139,7534,2634,1127
667,0,54,66,18541,4910,13084,18004,4697,2268,1558,624
668,0,51,74,32108,4759,10365,76670,3830,5308,4711,719
669,0,51,84,7390,19404,28970,34841,7609,3560,1539,1278
670,0,41,93,15667,9878,12201,48671,3126,5662,1294,1815
671,0,51,87,10797,5918,11049,4602,3485,3313,1852,1585
672,0,51,69,5176,28089,12030,31720,10429,4439,640,1719
673,0,61,66,16337,21867,4274,53586,11071,8272,880,2260
674,0,60,60,5300,26797,3008,49160,3458,4652,1391,739
675,0,38,53,171745,84835,11848,44172,4658,2801,984,2121
676,0,44,61,8402,2787,3525,29367,5951,4143,958,1643
677,0,34,70,7071,8483,7307,52994,3105,2313,1858,1380
678,0,24,67,77996,93379,6698,91961,19658,4274,1681,1048
679,0,26,54,171690,65917,5379,5386,806,1728,1054,485
680,0,21,41,22688,40460,20237,15523,13192,5854,1262,1475
681,0,29,27,8844,24226,3220,27394,6696,4321,650,649
682,0,34,47,7961,3564,11628,61144,3422,3027,1589,1574
683,0,41,63,3170,19425,6298,24851,8042,2098,2953,2131
684,0,51,64,9080,5576,5487,6958,7425,3926,4286,2188
685,0,41,54,606807,119640,22345,13982,4582,4605,3626,7142
686,0,60,34,68574,16054,2291,14937,8237,7426,1880,2426
687,0,74,24,107397,39291,12880,9855,6828,11348,5148,2731
688,0,66,24,107987,8827,5446,3153,1836,2061,502,908
689,0,74,16,60636,104567,3025,12181,8951,7043,6594,10837
690,0,61,24,28759,13151,9109,15912,3424,2693,6631,1785
691,0,53,26,107964,67043,16746,24534,10923,7254,5733,6362
692,0,43,41,8423,5116,14789,55934,11231,3821,1816,2102
693,0,48,48,32933,27749,7175,3864,8040,3732,1909,2442
694,0,44,53,9692,19680,3558,74046,5308,4441,2139,1213
695,0,44,74,12547,5298,15981,57270,5333,5352,1570,652
696,0,48,70,2673,3679,4586,35393,6419,2916,1934,1288
697,0,47,88,5943,6940,5471,18073,2765,2493,300,936
698,0,61,74,9056,12308,3665,4388,3623,3677,1320,860
699,0,74,63,18319,3992,1626,14465,3645,4570,2916,4212
700,0,80,54,6778,14185,5689,34613,7425,6934,2050,1742
701,0,81,57,4497,6929,19190,19455,3532,4441,1616,601
702,0,78,53,1662,15324,3209,2297,4534,3479,1849,925
703,0,67,56,10958,6400,6740,17076,3445,2390,1231,536
704,0,54,60,12441,14892,6513,28211,1222,1723,3249,816
705,0,56,53,420,7902,3200,13531,3488,3050,2726,857
706,0,54,63,4797,10907,9644,3936,4620,2821,2115,1322
707,0,60,56,6122,5946,8761,1236,2214,2155,1113,1100
708,0,78,48,8140,6169,4887,9262,7607,4402,2747,794
709,0,80,41,27493,12843,3304,9377,6872,3324,2947,1347
710,0,81,30,15967,28866,6415,3688,6982,6628,6056,9378
711,0,74,30,43062,31457,13515,17463,1750,3577,6474,3489
712,0,80,21,12112,7444,4661,841,5521,5962,2780,1039
713,0,83,26,4101,2892,2910,8504,8170,2496,1781,1921
714,0,77,41,5731,9526,8012,16540,5885,2903,893,2132
715,0,80,41,3084,10474,12481,4585,3892,2246,1712,538
716,0,64,50,3950,13073,2831,12770,5133,2845,1032,573
717,0,67,48,4858,6343,3805,4020,3338,3358,1622,830
718,0,84,40,6135,6078,5466,2045,2453,5267,1339,1011
719,0,88,35,52572,24053,3988,18000,8061,6027,4531,5051
720,0,81,43,11619,38254,52306,43269,5911,7152,5271,2866
721,0,57,66,16669,6706,42015,83452,3052,3365,2621,1678
722,0,26,56,70337,140416,7074,16101,2580,2801,1831,1533
723,0,23,66,61511,17449,10643,38089,5360,5790,1024,876
724,0,26,66,4514,10719,16756,39075,10453,5023,2079,1555
725,0,30,60,16054,12621,51064,30344,1655,3918,1282,891
726,0,56,83,24150,4590,10364,34969,3512,10118,21272,7150
727,0,47,69,663584,68380,5958,20322,5953,2782,1581,1509
728,0,54,63,17694,7754,3966,18067,6583,4913,2811,1200
729,0,69,40,18562,9433,5075,718,5785,3278,1019,597
730,0,63,29,7694,10774,7652,6633,4317,2373,805,716
731,0,81,26,29222,28355,2739,5513,2703,6308,1199,1550
732,0,90,10,3748,9992,825,2253,6240,4698,433,2215
733,0,94,11,11997,8099,4009,1611,2478,4480,1582,3142
734,0,100,3,3439,9124,1941,2509,3031,2877,1787,1232
735,0,97,16,13954,2668,8724,30698,24551,5010,4512,3480
736,0,80,26,32906,47559,5170,19896,5270,4607,6324,3436
737,0,57,48,18516,9769,54639,61220,8573,4852,2022,1160
738,0,43,60,6508,22677,5162,34586,9278,3397,2995,528
739,0,50,57,3829,5140,6800,6384,5227,3726,1828,566
740,0,53,74,4516,8633,4068,25722,1228,3357,3171,1720
741,0,50,57,7361,24266,1420,25484,4708,1350,2104,1051
742,0,57,53,3617,14827,3002,11755,9135,3583,2831,1331
743,0,57,56,7278,4498,18844,6491,4668,6345,2010,1551
744,0,60,60,2685,2223,8377,36040,4767,4325,843,876
745,0,64,66,4306,17037,12941,31996,2443,3244,1145,1327
746,0,51,77,6891,15198,11858,20691,2609,1305,1655,704
747,0,40,74,3609,10534,2410,19021,4135,2217,1254,936
748,0,41,64,6575,12463,12670,12699,4869,4009,970,531
749,0,53,56,16071,5853,4137,3685,3847,2338,1233,1633
750,0,63,50,6106,13268,3356,12289,5123,2055,875,1967
751,0,66,47,16894,12078,3029,15920,9118,2909,1139,1603
752,0,64,53,13087,3710,6964,17572,2896,2672,528,898
753,0,56,64,1935,1798,1760,36723,8516,3020,1782,1121
754,0,56,78,15282,2201,11184,45388,6877,4480,935,1403
755,0,61,83,10152,6132,4845,17194,4252,3623,1130,1283
756,0,53,90,5579,7847,22906,55152,4544,3811,1243,968
757,0,53,81,6679,11447,3063,19058,3051,2907,1233,1032
758,0,50,70,8628,13775,6861,22226,7020,2255,1886,688
759,0,29,83,8024,5627,23727,32259,3313,1228,676,904
760,0,29,80,7066,10796,50301,17029,7294,3078,1939,734
761,0,29,80,5983,7212,15326,11319,13119,3042,2501,872
762,0,23,88,3212,17905,34532,41764,4922,2806,1835,1658
763,0,35,78,9112,10178,2986,22866,1805,2244,1609,676
764,0,38,78,4121,11086,29406,35250,5624,4354,2885,1952
765,0,44,83,14155,6240,20995,10173,4032,5889,1626,571
766,0,50,78,2543,16484,3565,33778,3043,2700,1851,858
767,0,56,77,6376,6179,1768,27935,6595,4273,2759,1458
768,0,57,69,4798,13323,8936,28852,10947,3250,660,1211
769,0,54,74,10152,7082,20025,52831,9258,8481,1761,552
770,0,60,67,8162,9922,3463,13366,4894,2008,787,490
771,0,38,78,11594,14491,49791,80970,2762,1934,828,1913
772,0,38,81,6165,6039,17009,23100,10949,3027,1508,1274
773,0,29,83,4139,12477,23059,78429,10049,5717,902,963
774,0,27,87,1688,21071,15593,33208,1830,4151,2186,552
775,0,47,78,2895,7310,22857,11087,2337,4033,2468,918
776,0,40,80,8039,24517,20527,65733,8441,3227,929,1137
777,0,43,74,12213,10083,7386,28447,5805,3124,2456,1513
778,0,30,78,10245,14788,18298,28921,910,1305,690,780
779,0,21,75,21337,30552,12525,63246,8034,3551,1407,1005
780,0,29,48,11885,46304,1807,4281,2594,3436,1528,1060
781,0,30,38,55198,25950,8654,8511,1863,3367,1424,2313
782,0,44,35,12346,15698,7553,49955,7121,5975,1069,1687
783,0,53,35,6577,7822,2390,34616,10435,3148,1238,897
784,0,54,57,3696,10821,2748,25233,2756,3122,1609,1419
785,0,63,67,7285,2761,7448,4864,2045,2997,1945,566
786,0,78,54,128493,10075,6924,5979,7711,7598,551,794
787,0,67,66,9775,6265,8484,68531,3402,2667,1451,1263
788,0,84,57,3154,5172,1524,7096,2643,5731,1006,257
789,0,66,70,7020,6312,31248,47698,2107,2657,744,608
790,0,40,91,116907,14535,7387,109773,7459,3320,1341,1518
791,0,41,81,6449,20791,11309,62166,8923,3684,1453,1051
792,0,23,94,3793,13307,16972,56981,8705,5547,1726,603
793,0,20,90,17771,8351,8189,68865,11728,1798,2192,983
794,0,34,81,7930,8052,9877,28440,4669,4027,983,973
795,0,38,84,4403,6312,8670,38667,6912,3786,1201,1576
796,0,53,64,5821,9280,5481,3595,13645,4453,2676,2125
797,0,60,66,2871,8129,43279,20337,3387,3293,733,867
798,0,56,57,3630,22689,5119,21321,4528,2837,831,1253
799,0,56,53,1234,23623,9487,44927,7451,5267,1494,1392
800,0,40,67,11928,15996,15951,18396,3949,2774,2658,618
801,0,44,54,2946,28489,24235,10083,5454,4366,1417,330
802,0,50,50,13217,19750,10519,4977,7384,3615,2108,826
803,0,41,56,15967,13461,20243,54588,9117,2392,918,1128
804,0,47,56,7267,13327,6649,29887,2693,3862,1360,1603
805,0,54,57,10480,13076,6025,17025,2257,5871,608,1021
806,0,53,69,8261,5326,1760,17108,4048,2101,2014,946
807,0,61,70,6842,6922,9773,50831,3323,4486,865,894
808,0,51,78,8222,13277,63875,9311,4520,2581,866,975
809,0,35,81,70685,26748,11913,57348,10104,2600,1431,2034
810,0,34,84,6324,12447,8426,36193,2873,4383,2922,733
811,0,40,56,307696,38907,6950,4816,12761,6331,1191,1917
812,0,50,43,12400,15897,14429,4104,9074,3325,851,1631
813,0,60,38,5009,15008,12558,8849,3983,2470,1160,678
814,0,56,35,23270,7635,10667,10700,4222,1834,908,1389
815,0,56,51,2363,16451,11669,25029,6851,6431,1339,1255
816,0,63,54,5934,7877,9057,8362,5734,4567,961,1684
817,0,67,47,3745,13017,5429,2588,2963,2346,2677,843
818,0,74,34,14640,19371,2964,5897,7154,2601,2415,986
819,0,70,30,9334,10252,10043,9234,3767,3515,2303,1065
820,0,66,37,3208,7685,5380,20592,2776,3557,936,701
821,0,66,38,14122,8742,5585,4513,5535,2363,880,1515
822,0,63,61,9600,6752,8990,48707,4019,4315,1591,902
823,0,50,78,10782,1878,3828,58821,4450,2044,3657,1417
824,0,50,83,3420,4380,8264,28050,2853,3769,1159,1135
825,0,43,100,6352,2272,9144,32308,4675,2749,2235,669
826,0,50,90,7089,8264,2566,14234,4638,3275,619,727
827,0,57,77,9792,16442,3166,26610,2319,3582,1028,941
828,0,56,66,3270,12464,5154,14028,1791,2335,1761,369
829,0,64,53,3264,5097,9857,3908,5353,2657,2327,1289
830,0,75,44,4480,7145,2379,3271,3726,4227,1363,1657
831,0,77,37,7350,16838,8583,4852,3926,2731,1128,1117
832,0,80,41,15805,13060,6331,46606,5895,7083,2278,1119
833,0,70,44,11873,14076,3807,29529,5510,3042,948,2137
834,0,61,54,6334,9436,10073,11829,3706,5054,859,1849
835,0,53,69,47518,8362,6407,32599,3498,1691,1966,1585
836,0,41,67,3933,8668,11528,29204,11560,1730,1106,1384
837,0,50,67,955,13122,14553,19890,3983,6404,971,1007
838,0,40,83,6351,5172,9298,52544,1128,3895,2148,1250
839,0,53,80,6298,11519,7287,29889,2762,5980,2262,1756
840,0,61,78,7408,19865,2178,28656,2241,3631,1593,698
841,0,51,80,14874,24924,18903,53593,4329,5207,1939,1219
842,0,53,66,53787,24026,19894,30987,2295,4622,1483,888
843,0,53,61,4321,8326,5822,8504,1809,3291,1320,649
844,0,64,61,16980,7826,8494,16530,3226,7752,1829,1324
845,0,63,60,14143,12346,13208,26498,6476,2339,1892,1358
846,0,74,61,10464,4991,12949,4713,2485,3720,1331,1340
847,0,64,64,6509,19868,1002,40308,2654,3500,2071,1093
848,0,48,75,5167,8697,1979,70485,3396,3395,2568,1593
849,0,57,64,13886,8580,6447,5770,8215,2624,2104,717
850,0,51,64,8726,11853,4808,25617,2031,3931,905,938
851,0,57,53,7643,7035,2644,9921,14428,1968,1833,632
852,0,61,47,3605,12710,4850,42921,4934,3833,1388,1085
853,0,51,69,9805,4253,18227,67043,1991,4029,1841,922
854,0,43,69,9612,28042,2622,56144,3148,3602,5056,1664
855,0,47,57,13940,25321,911,3475,2911,3925,3377,1022
856,0,51,51,4911,7523,2426,14512,5193,2353,1198,1130
857,0,57,40,3036,4315,9777,38791,12853,4338,1209,1244
858,0,56,47,15062,24576,63659,43074,4724,5770,1388,936
859,0,44,77,6927,3620,8008,35118,3506,2319,1868,1608
860,0,41,83,15457,8239,17193,19262,2606,3471,1506,1633
861,0,44,80,2835,7726,9465,8219,1822,2835,2391,905
862,0,43,66,653894,54571,7903,39732,3864,3497,1849,659
863,0,50,60,31982,5268,2065,26475,6868,3172,1609,1773
864,0,47,51,12605,9126,10335,11517,7285,1687,1983,2770
865,0,51,50,5331,10464,4820,13502,1960,5944,1962,1515
866,0,78,50,5074,3173,839,6872,4297,3869,815,1139
867,0,78,53,38447,3916,658,28003,2997,2808,1968,631
868,0,83,63,15016,5860,1867,51907,4060,5229,1032,1507
869,0,66,61,17805,26932,4111,23655,2788,2406,2009,1454
870,0,37,83,4124,8799,12980,89003,1272,2759,1499,1086
871,0,30,84,1822,11482,2686,82989,6538,4824,4283,1498
872,0,21,87,16153,11458,25628,57342,5025,3227,1383,742
873,0,23,93,36939,31663,20816,47206,3472,5616,2546,1274
874,0,38,77,17422,8338,4162,18696,9293,3028,1363,859
875,0,47,66,16335,9965,2305,20019,2845,3714,1805,3461
876,0,66,54,12530,5799,14579,4895,4488,5242,3701,1130
877,0,67,48,4537,17740,10494,10046,3160,2400,1262,1311
878,0,61,56,27563,4015,9867,40118,13275,2700,1251,1640
879,0,60,63,16262,10595,21886,41686,5553,7673,1733,934
880,0,51,56,41212,29116,6282,11911,2199,5090,2281,1767
881,0,43,61,89169,21466,11392,33750,6789,1931,1673,835
882,0,47,63,87755,13216,10662,81615,7739,5861,1250,1249
883,0,47,54,3749,15209,6640,21215,5520,4509,1328,2808
884,0,43,66,37012,5928,11308,14268,3972,2792,1102,1979
885,0,60,67,25038,4524,15713,19854,11508,4914,2005,392
886,0,63,60,4125,14189,3930,27036,5642,3720,2155,1373
887,0,60,69,23748,3175,3760,23436,3190,2168,527,1600
888,0,70,64,4887,8630,14402,9622,3754,7479,1263,1737
889,0,61,63,3570,16170,12568,19674,4625,2437,979,1044
890,0,75,56,1632,8415,5376,3618,1494,4218,1395,2073
891,0,87,40,5722,7045,3538,5528,4763,3747,1558,1516
892,0,81,37,13174,14754,5064,10206,2992,4053,1466,1361
893,0,91,27,16371,6640,2047,9995,7378,2813,1163,685
894,0,69,38,11344,19393,8785,48055,7045,3024,644,1195
895,0,56,51,8140,16554,12720,44232,2874,4321,1432,1333
896,0,57,51,5587,13005,5946,9299,2755,4191,2741,2460
897,0,51,60,10837,15277,30734,11938,9360,4873,2553,1032
898,0,78,50,10940,5198,4362,7114,4123,7181,1018,1397
899,0,94,41,15216,3133,3367,11841,6131,5353,2115,1200
900,0,91,43,7393,10592,2656,13976,6292,3016,1750,854
901,0,90,53,10550,3581,4023,52544,6254,4106,1747,1114
902,0,77,63,2351,3828,11874,28369,8005,5091,3240,1411
903,0,69,57,6246,19501,2381,12945,2726,6074,1814,689
904,0,70,63,9943,12104,3321,35816,5544,6860,1386,1661
905,0,63,61,6345,12599,13632,55806,7236,2862,2091,693
906,0,53,64,14541,8599,5679,69781,13548,3789,1222,1571
907,0,41,81,3392,13139,18036,76707,7822,6412,2020,1639
908,0,24,84,19224,8958,5398,59603,15499,2170,1388,639
909,0,38,83,3626,2122,3047,18103,3086,2979,1149,1250
910,0,47,75,10263,10442,7072,19435,2598,3409,1457,885
911,0,44,80,8212,4195,19675,41170,4514,3479,864,639
912,0,48,93,6757,5443,80967,54886,1804,5149,2384,1816
913,0,43,90,5214,17207,10160,45123,6211,5752,1166,881
914,0,26,100,15028,9426,46301,76226,9474,2456,1234,1495
915,0,16,100,8442,14695,2474,103029,3683,2879,1251,1182
916,0,16,90,19096,7887,19013,17814,2585,1441,1300,833
917,0,10,93,10161,9456,11738,35265,4867,2628,1166,1266
918,0,24,87,7800,5789,26960,8736,4578,2593,1508,1033
919,0,38,80,6187,11060,5601,38758,5059,4402,769,790
920,0,40,74,9088,22949,15794,29182,2634,2844,902,930
921,0,53,64,12347,8456,2058,17549,4775,4167,1027,390
922,0,64,57,11970,7720,6985,10189,2727,4706,1315,1770
923,0,64,51,4794,16235,9453,9080,2403,3032,1655,1357
924,0,74,44,6284,18608,8859,13269,3802,3266,2515,440
925,0,69,50,5250,6267,3317,20741,2713,3549,3462,969
926,0,61,61,3495,3335,17144,23560,2138,3897,1222,1190
927,0,61,70,13184,2740,3732,26953,4771,2798,1960,951
928,0,53,84,13593,8081,3445,62251,5703,3232,1525,638
929,0,40,91,11222,12548,1401,79013,5028,2901,1306,1099
930,0,34,90,4058,14839,23562,37028,1254,3893,1919,1516
931,0,37,83,10390,14373,9242,25658,6113,5822,1749,1090
932,0,48,77,4379,9165,1904,40324,7122,5437,867,505
933,0,57,64,2616,9649,6115,10214,2608,2231,1911,997
934,0,67,63,7026,11568,3434,53236,2289,8842,1395,889
935,0,61,70,22727,4363,8913,21190,2442,2060,1015,1621
936,0,57,70,3511,7246,5602,25914,3985,3134,1698,755
937,0,53,66,6730,15106,6140,7496,6099,1636,932,951
938,0,57,54,7912,12346,9230,5582,3593,5502,850,847
939,0,67,44,5940,4925,7194,5584,5192,2944,569,1592
940,0,74,40,20130,5416,6708,6671,2369,2527,1035,956
941,0,64,60,19476,9804,12687,72538,2619,2232,1654,1008
942,0,57,64,1726,8417,11708,13486,8067,3800,1587,1472
943,0,50,78,17314,9515,46987,39029,5689,7208,1845,1065
944,0,30,90,8667,8024,11048,48532,3567,1677,1447,1027
945,0,38,81,3807,11521,3117,30456,1464,1793,1612,1161
946,0,35,78,10276,13626,3439,28617,16940,3555,956,1081
947,0,27,74,14866,4805,10418,34001,10185,2339,707,779
948,0,30,67,10003,14396,12266,44941,4265,2232,1742,854
949,0,38,69,13701,10677,7226,57039,6946,6315,2538,836
950,0,40,70,15348,14761,7541,14714,4125,3367,2023,546
951,0,29,75,3080,6781,18150,37856,5732,1136,1030,1672
952,0,44,61,10159,7937,3143,4544,5701,2101,1172,1129
953,0,48,54,6130,10817,6180,26790,7741,4563,1765,1067
954,0,40,69,17386,4542,17377,44874,5643,2879,1627,590
955,0,54,70,2755,7632,26900,44802,3702,4702,730,1138
956,0,54,80,10838,7556,6827,21085,7535,5028,1166,1342
957,0,50,78,24485,14286,17912,10447,3981,3099,2697,1001
958,0,51,63,5464,21351,14405,38962,30777,3605,806,911
959,0,57,51,10941,21222,23553,19959,10724,7477,1021,2114
960,0,37,53,30723,42489,15990,80338,9722,2345,2463,701
961,0,34,56,14458,5828,1004,17689,5067,1356,967,995
962,0,35,64,4831,8533,7489,33654,4814,2964,1282,1556
963,0,24,67,12596,16873,8349,36296,4477,3245,1569,570
964,0,41,74,12974,10031,10929,46649,5048,5356,872,704
965,0,48,80,6292,3459,8330,30734,3247,4566,1607,763
966,0,67,67,9460,6321,4534,8651,4583,6843,2067,1154
967,0,75,63,12794,13296,6767,18028,8294,3117,2252,1041
968,0,91,53,14432,3746,5132,6172,4130,5333,2041,710
969,0,81,47,16571,15266,9089,42212,8964,3228,2553,1038
970,0,64,54,3526,8544,1868,24986,4862,3037,2345,578
971,0,51,70,1389,5779,70199,46819,7201,3033,1082,1850
972,0,27,87,56292,11675,27354,66111,3483,3708,975,820
973,0,35,81,11923,22851,5224,36140,7116,5529,1492,961
974,0,20,69,139070,127258,8935,50411,4642,3917,1694,1208
975,0,30,37,891270,60626,5666,6618,6818,5007,1269,414
976,0,41,20,111126,47694,34820,13011,9357,8163,1589,830
977,0,26,7,621454,17386,3710,992,1051,472,111,69
978,0,40,17,65876,6635,17128,5961,5550,2254,1658,575
979,0,50,34,12026,7490,1810,15687,5229,4092,1236,1183
980,0,57,34,3705,8255,5601,5152,2300,3962,1917,2363
981,0,70,53,14266,6408,5772,24544,3571,2717,709,987
982,0,80,47,11447,16222,5543,12884,3792,5197,1220,1014
983,0,70,40,11699,19357,6477,6670,2986,2644,2314,1437
984,0,64,51,8065,7999,5084,29664,1149,4501,1354,587
985,0,61,50,3185,11997,2928,48612,11262,3819,2213,1480
986,0,51,64,7402,5021,7411,31848,3669,2347,4706,1896
987,0,51,70,21742,9315,4573,17340,4462,3066,4333,1563
988,0,43,57,8071,33804,15236,3515,2011,2335,1038,546
989,0,47,60,4295,7635,3460,30610,3100,3457,2429,1887
990,0,44,63,2447,5704,7681,49261,2916,3318,1457,1608
991,0,54,63,15836,4327,14173,7477,7427,5657,1996,933
992,0,64,70,6100,10766,2169,21670,1742,4085,1881,2219
993,0,70,60,12735,5063,6727,4483,7225,2217,2237,707
994,0,70,53,7258,15855,34477,44312,10052,5045,1348,1099
995,0,53,69,1630,10739,22424,122168,2135,5893,2801,2086
996,0,53,63,20930,34935,4852,21017,2195,7615,5438,20969
997,0,43,67,8645,14919,4991,18679,2941,2207,2227,1917
998,0,57,63,4668,4602,5416,13256,4694,4944,1494,1945
999,0,57,53,65045,5998,2434,61060,17992,2550,1906,1247
1000,0,53,60,4177,14973,5892,22512,7027,3492,1299,1290
1001,0,44,60,225433,51215,15993,96211,27851,4434,2264,1484
1002,0,30,51,72105,20805,3140,12182,4965,2049,5279,3224
1003,0,29,57,18891,16914,20884,127899,6471,4235,13827,5302
1004,0,34,47,61499,87363,4958,25251,2414,14083,6189,7151
1005,0,50,47,40806,9862,7795,17336,5020,4294,9347,11065
1006,0,67,51,10896,7416,12886,8320,6718,9874,1646,1305
1007,0,83,35,6974,10643,3474,11537,4208,2757,1820,2903
1008,0,81,44,3601,13975,19991,5745,7853,3658,2667,1308
1009,0,81,44,4582,6520,5346,9929,3536,2675,2126,901
1010,0,69,38,28860,27136,3632,12107,7476,4740,905,1109
1011,0,80,30,10218,5079,3085,1756,3513,2759,2223,666
1012,0,80,34,13910,7264,5388,8080,2509,2291,1723,1198
1013,0,90,26,11068,4043,1171,6999,5733,3573,2980,529
1014,0,90,17,29488,11912,354,2286,3248,1699,1423,1609
1015,0,74,27,17117,13347,5907,21574,5492,2469,1455,1738
1016,0,60,35,10428,29842,10917,95221,6493,4152,2184,1924
1017,0,50,48,9371,8254,7014,32880,2073,4898,1214,1843
1018,0,41,63,9777,18823,2322,20258,4221,2318,2253,624
1019,0,53,69,8189,3694,1573,30877,2716,6290,2146,898
1020,0,70,63,903,9502,2088,23275,6551,5849,1332,774
1021,0,70,54,2789,8902,5603,10609,4029,3034,1100,2176
1022,0,69,63,21913,10090,5906,35697,4881,2415,2576,1287
1023,0,53,64,9419,7541,8810,50375,8752,2717,1711,1267
1024,0,53,60,13925,7112,2248,8422,6070,3022,1450,1934
1025,0,53,70,12656,2118,13098,37619,3045,6508,950,1137
1026,0,57,70,2337,12648,14766,31699,2316,3864,1883,1010
1027,0,70,60,24592,14796,8215,11567,3114,4807,547,1257
1028,0,64,64,3192,10893,5535,16248,6154,2821,1236,1456
1029,0,63,57,20553,2973,2709,37300,11320,4174,468,1072
1030,0,80,50,5081,4307,3788,8136,3737,4865,1719,1009
1031,0,70,60,5583,7642,26040,30865,9795,4205,1999,1375
1032,0,75,60,20905,9152,1263,17931,3773,2953,1605,528
1033,0,64,64,8271,5685,7954,51383,8843,3025,1486,1083
1034,0,47,69,10748,14407,21514,7777,5334,2470,777,1238
1035,0,57,51,4785,7706,1553,3982,5762,2395,1962,447
1036,0,63,41,10044,15893,3039,8027,5485,4440,1608,2183
1037,0,77,34,7393,7955,9553,10663,2145,3872,1089,1185
1038,0,80,30,12369,12144,18093,5236,3425,2916,2086,777
1039,0,64,47,1483,12803,12130,15379,2299,2004,1078,747
1040,0,57,60,7911,5543,15588,17735,9298,3479,2761,927
1041,0,50,67,5874,6531,27458,19856,2452,3701,604,1238
1042,0,47,74,27031,7793,13383,13889,2584,2027,1089,874
1043,0,43,77,5890,16786,36660,19030,4653,2974,787,808
1044,0,48,69,31037,34932,4629,36368,2615,10689,2196,1459
1045,0,50,56,5967,11704,5090,13700,14275,2180,353,692
1046,0,43,61,13650,8196,21278,40034,3782,2467,1443,571
1047,0,48,47,37206,36186,6955,11817,7065,3232,1888,594
1048,0,38,61,10526,10529,3764,100351,2410,6638,1539,2846
1049,0,30,74,4737,20162,34463,38218,3982,3772,1974,422
1050,0,43,53,3795,10717,8512,6032,19874,2488,1306,1322
1051,0,40,74,6343,6349,24305,45932,8215,3511,1195,1044
1052,0,23,66,2242,29129,4158,93053,2396,1600,756,868
1053,0,41,48,11616,9971,1192,4775,2316,3462,892,1139
1054,0,38,61,3947,8334,7108,20921,5037,2900,1070,1795
1055,0,44,60,1304,4446,18319,45364,7146,5264,2245,788
1056,0,63,53,8459,12793,12860,8443,3778,2341,601,757
1057,0,41,56,703856,104523,31724,31777,20575,4384,3033,1707
1058,0,40,47,385332,45825,27347,3473,8587,5816,588,986
1059,0,41,30,44744,9164,5379,6589,5246,1737,853,1026
1060,0,48,30,18662,17948,5545,24678,3836,6402,1463,537
1061,0,63,35,16013,15196,11261,5648,8108,3314,547,1151
1062,0,56,53,20988,3436,4655,25465,1805,1646,840,1060
1063,0,54,64,24139,5980,16207,21238,5157,2561,3631,1239
1064,0,38,67,147572,39934,18653,49561,2144,3382,1958,1552
1065,0,35,81,12914,15797,18419,59193,2538,6432,656,1193
1066,0,34,81,3697,21429,54807,86163,8245,6580,850,388
1067,0,17,83,3964,49320,55171,143883,3384,3990,1986,494
1068,0,17,69,107692,39757,10595,5441,2785,1724,807,308
1069,0,35,57,140114,20956,28090,4815,10680,16238,5852,3843
1070,0,48,41,7425,10613,5800,7471,5809,3499,2323,1374
1071,0,60,13,103449,13317,1225,1575,2420,704,1073,508
1072,0,78,13,66180,31122,11453,4694,6476,7486,4580,1922
1073,0,60,14,105018,52064,51709,24629,14516,7538,4183,8467
1074,0,66,11,11354,8758,1149,6768,3162,5393,6874,9512
1075,0,78,24,6195,14515,11406,3296,5886,3686,1010,824
1076,0,69,34,10779,15096,10720,9539,5511,2512,2053,2006
1077,0,83,23,4136,3764,7135,1615,21024,2615,2323,1881
1078,0,88,23,2183,1963,4239,2509,5358,6112,1283,1634
1079,0,84,20,26956,22556,3226,11258,10424,4422,1035,2124
1080,0,83,13,4582,20151,3780,6028,1774,1818,1576,1003
1081,0,63,37,1001,3404,26618,74538,15317,3829,2235,1515
1082,0,27,61,11479,4545,11559,97814,4705,2145,877,717
1083,0,10,93,6154,2095,4965,57447,2662,1218,999,477
1084,0,10,100,4552,18744,6738,24509,5410,3554,3248,1606
1085,0,20,93,16342,8579,3812,30842,8157,4411,1698,1364
1086,0,34,84,2932,2860,5278,22590,2076,2321,1211,622
1087,0,63,63,7858,4520,7636,7294,2120,7653,1634,1881
1088,0,70,61,44022,7105,3271,10482,5731,3150,1430,5523
1089,0,53,74,26596,6680,28566,78516,7497,1770,1887,1913
1090,0,57,61,10803,10287,3773,11969,4213,3109,864,875
1091,0,47,64,3020,8808,4028,38782,8830,6080,366,1496
1092,0,35,63,31236,56743,8458,32791,5538,4856,4015,935
1093,0,44,50,16103,21095,10249,35332,3182,2624,780,569
1094,0,50,50,30277,7866,10818,2719,2590,4764,1036,1076
1095,0,57,43,14636,5812,5233,4549,3448,3883,1469,1069
1096,0,70,43,3125,5329,723,5383,1413,2090,990,1205
1097,0,70,50,22263,7066,28236,35520,6700,3055,1505,627
1098,0,48,66,4679,5086,6817,74406,4410,1885,2424,1039
1099,0,40,69,24186,19664,13851,11795,1485,4785,2464,1857
1100,0,44,77,6765,1485,6022,3351,2333,3440,1027,1156
1101,0,51,61,5352,18658,3105,14871,4467,2907,2085,869
1102,0,67,54,31125,4888,17148,29326,4304,5543,1611,1542
1103,0,69,60,5712,8284,8823,22616,3511,4959,2131,1524
1104,0,44,70,6903,11288,33869,54330,5970,2748,874,961
1105,0,50,75,3418,8169,3455,8520,1261,2606,914,844
1106,0,54,63,4454,5552,1897,8283,2784,3235,1062,895
1107,0,44,67,53407,7136,5784,51868,5631,3297,572,1292
1108,0,51,70,5185,5117,13476,51550,2716,3517,1501,1607
1109,0,44,81,19119,10550,10305,56695,5214,5178,1498,1337
1110,0,38,88,28853,8067,12753,16918,4325,3982,1402,711
1111,0,50,83,4978,9780,12907,31891,5075,7331,1278,458
1112,0,51,83,5030,6390,63999,43205,6677,6596,1999,1090
1113,0,61,77,9840,1579,8946,14959,9140,4981,1526,520
1114,0,56,77,5019,8402,5522,20058,3404,2218,645,741
1115,0,54,50,8970,22805,1928,1551,4005,3287,707,809
1116,0,60,43,10114,7656,8550,29736,2643,4423,1034,1173
1117,0,38,60,9448,4565,21771,74976,4815,2070,1141,891
1118,0,56,47,10045,3464,2619,4380,5992,4069,1007,922
1119,0,53,74,5423,6323,24338,8127,5761,3517,740,504
1120,0,53,60,3578,18545,9052,5000,2210,3140,1808,1800
1121,0,66,40,3908,12081,5577,9806,2958,2287,883,2322
1122,0,51,48,1391,11560,12956,20748,12167,3820,905,781
1123,0,51,48,3060,10394,25712,7241,4869,3818,2346,871
1124,0,50,56,3513,9449,18131,11484,4407,3179,1581,641
1125,0,48,64,5714,7468,28674,19043,12612,3693,2342,821
1126,0,44,70,36423,6053,9754,36583,6957,2966,1444,670
1127,0,41,70,13389,9130,6287,35786,13758,3603,2451,1214
1128,0,27,88,3481,2896,34994,71021,3219,2511,632,1181
1129,0,24,91,7579,13719,31638,30197,4826,3713,3045,1755
1130,0,26,93,5524,7467,33396,21880,4371,4551,1524,1068
1131,0,24,93,18901,20186,24120,31374,5052,4663,1085,1014
1132,0,43,80,9222,5415,34220,8511,8604,5741,1048,735
1133,0,34,64,155035,90046,31354,41543,8232,2983,1278,1072
1134,0,20,35,339973,253798,9456,14123,12295,4838,3290,944
1135,0,14,35,22225,21400,6464,36007,4178,2409,2607,1721
1136,0,11,27,10979,8174,4973,6297,2471,1835,1887,1045
1137,0,24,29,14878,34373,17272,12885,7042,4023,627,620
1138,0,21,66,13076,13832,37449,80597,4174,1868,588,1119
1139,0,20,67,8075,30482,15133,72130,15049,3449,2621,611
1140,0,27,60,20151,12552,6588,2921,7673,5038,1861,466
1141,0,40,66,13652,6521,4546,23044,7952,7382,1786,416
1142,0,53,57,35613,18618,5463,56172,4296,3789,1072,1630
1143,0,53,66,5042,8644,31886,42952,4841,2663,1381,1859
1144,0,53,78,10984,8130,1161,27387,2070,7678,1411,697
1145,0,50,75,5678,11115,4864,14471,4273,5028,863,1417
1146,0,47,77,859,10112,11341,40590,6465,1950,1158,1251
1147,0,54,63,13381,8034,7228,8044,3816,1798,1070,836
1148,0,51,50,6397,12060,765,5555,6803,2524,1605,1037
1149,0,54,47,1175,5170,5594,835,1517,2595,1587,786
1150,0,64,40,4549,8008,2720,21487,6162,2807,3115,681
1151,0,67,41,34050,24804,15583,28202,3087,8105,1492,689
1152,0,50,56,49103,41107,21755,67536,4189,3280,1008,793
1153,0,35,67,20830,10461,14515,33636,3889,3082,1441,679
1154,0,35,64,14104,9784,3200,11429,5431,1779,1072,3208
1155,0,23,70,5408,7906,5285,31618,6407,1716,1310,1205
1156,0,43,56,5952,18394,3130,5298,2804,4975,3721,1760
1157,0,47,51,10396,12684,5412,25161,3461,3228,2347,1179
1158,0,48,53,1707,7549,2687,8269,1570,1549,936,579
1159,0,56,43,2935,8790,3525,10644,8655,2023,1368,687
1160,0,51,54,2674,4730,2620,9961,2809,1974,1174,859
1161,0,51,43,3290,20475,3119,8418,2142,2233,1418,1115
1162,0,53,48,18745,9577,4814,19627,1568,3377,1533,1773
1163,0,53,56,22697,10070,9596,17692,1381,3834,2018,835
1164,0,48,61,19692,13579,6216,49761,2462,4549,1640,566
1165,0,41,70,7244,19313,1077,43317,8379,2296,1100,558
1166,0,29,80,8499,4958,6458,34570,3558,1420,1372,500
1167,0,26,80,3889,8104,7176,28622,7683,3213,1660,1182
1168,0,34,69,5062,4996,12336,2258,14221,2109,918,295
1169,0,38,74,15355,11196,12736,26346,2879,3260,1246,1302
1170,0,44,66,2323,14019,13416,33800,4187,3769,2304,538
1171,0,37,77,14077,7375,13933,51453,1855,2111,1227,1606
1172,0,27,96,3333,3591,1666,72886,2371,3614,1746,2216
1173,0,23,100,1109,11563,5832,52353,5641,2529,1406,1104
1174,0,23,100,14528,10449,10378,42928,3615,4373,2346,654
1175,0,23,100,9594,4498,13385,37023,1811,1691,1511,726
1176,0,37,90,6674,8878,3056,43244,8353,10142,2164,1050
1177,0,48,78,3018,9185,863,13881,8660,2762,789,856
1178,0,50,70,13391,15127,3026,28676,6638,3538,969,1211
1179,0,63,54,16830,13866,4177,18886,4475,4954,2127,733
1180,0,54,61,5066,6867,7387,53259,3170,5537,1154,3271
1181,0,50,74,15690,17920,3930,59011,2020,5950,2660,834
1182,0,51,78,13537,9961,14035,32087,6014,4232,1182,871
1183,0,48,84,16074,7923,11556,15384,3105,3089,994,1975
1184,0,50,78,5658,7357,4692,15942,2660,2404,832,1046
1185,0,56,66,11329,9357,6830,3475,2118,2746,875,722
1186,0,50,64,7607,14248,10085,26892,5053,2086,962,1419
1187,0,51,69,2908,5760,7047,61199,5945,8883,1269,602
1188,0,50,70,7019,11012,12026,22363,4066,3124,1810,1543
1189,0,47,70,8540,9918,5177,10786,7260,2615,1132,1035
1190,0,63,64,2301,5906,4130,5924,2578,3769,1841,241
1191,0,69,54,13408,5744,9440,1477,1571,3588,1038,1960
1192,0,81,44,18819,8453,2044,9981,2809,4163,1515,1308
1193,0,88,50,18178,3006,4542,8765,2829,3216,2274,1212
1194,0,69,60,2455,17568,2419,67900,7721,3379,1532,1647
1195,0,54,70,3101,14342,35944,55286,5163,4963,1420,914
1196,0,38,87,7643,10569,2571,63554,3271,3513,1593,1227
1197,0,24,90,14683,11081,9078,27075,2603,2028,2346,823
1198,0,30,80,11205,15469,1984,16851,1948,3315,1799,1407
1199,0,43,69,4646,5411,2164,21315,6142,4526,758,1264
1200,0,48,70,3174,2517,10496,30196,2016,3052,1301,518
1201,0,56,75,2990,3026,9241,22176,3331,3934,1324,1387
1202,0,67,78,10650,2545,7621,3836,1663,3548,3250,1535
1203,0,66,80,2644,4422,7401,16574,5588,3612,1557,1396
1204,0,66,70,3226,13728,13666,22796,3072,3097,3104,1078
1205,0,53,74,10680,9117,10579,70649,8505,3297,1442,1048
1206,0,27,87,11636,6877,1070,91318,4548,1888,1514,629
1207,0,27,87,5606,9070,2606,28852,4389,5947,481,1109
1208,0,14,100,1286,2770,27140,111118,3374,2368,1140,746
1209,0,27,90,13068,10527,7883,8788,3822,3295,1527,1531
1210,0,51,70,6107,8689,2248,15133,4014,5197,1056,1618
1211,0,56,66,9078,2033,3533,7199,2675,2995,1258,1067
1212,0,84,35,7668,10388,3994,1749,3406,4167,1339,555
1213,0,81,40,23858,12316,8375,31305,4995,4082,2482,1307
1214,0,70,40,9049,10720,4220,14245,5644,2371,482,827
1215,0,63,24,5083,18957,1969,2323,2077,2538,1171,1682
1216,0,47,34,7447,5773,3915,5679,4662,895,1719,1367
1217,0,50,23,21843,11819,9246,3912,5746,2782,2339,1393
1218,0,47,34,13305,6157,22214,19995,4986,2937,2605,941
1219,0,54,48,9730,9012,13653,12700,2676,8976,1122,749
1220,0,53,53,10075,8801,13417,15135,6217,1644,519,647
1221,0,60,51,4498,9294,2050,6346,4518,3738,1215,1191
1222,0,70,41,7317,9025,2088,13744,3408,5128,532,1173
1223,0,57,37,37641,19287,12424,3240,1810,2223,1305,1748
1224,0,69,24,22547,14764,2367,5533,3230,3074,1173,942
1225,0,61,35,18985,15287,13358,19068,3095,4016,1233,2206
1226,0,74,26,6542,2691,3343,982,5496,5200,1750,966
1227,0,66,47,4450,4995,10481,64567,3322,2464,1775,643
1228,0,53,61,4773,11603,25901,20514,6515,2119,1886,1809
1229,0,53,60,11105,13621,2646,25818,1865,4328,2085,1608
1230,0,27,78,1516,9089,15515,18504,1087,2124,1078,1681
1231,0,48,54,3055,8639,4524,3412,4956,4523,777,1030
1232,0,61,50,2367,6408,13557,3707,5091,3818,2601,789
1233,0,69,40,3062,14100,8448,5346,9053,7007,1095,1241
1234,0,63,13,153394,109008,2692,2665,1918,2898,1855,1099
1235,0,51,27,14660,13426,14422,36671,3758,4866,2287,1475
1236,0,44,35,18330,11342,5658,40907,6110,4586,1844,1361
1237,0,41,40,12715,7952,1192,6925,1599,3040,1715,887
1238,0,51,64,11986,10208,9485,11718,3023,2712,525,1840
1239,0,61,47,7017,11876,1424,2023,2244,3139,732,1475
1240,0,77,21,1849,11619,1368,474,7106,4317,2126,1426
1241,0,78,16,2242,9100,2893,2069,2317,2984,2952,1821
1242,0,77,20,2659,11215,11441,16415,2240,2572,836,1461
1243,0,66,37,12873,15337,22771,29209,5351,5532,1957,679
1244,0,48,63,16078,4839,11505,29040,4887,2076,2537,1215
1245,0,30,78,10762,17113,12378,49535,6808,3023,1281,1563
1246,0,29,80,9222,18515,2340,55110,2990,4439,668,1020
1247,0,41,75,5270,4387,4910,13046,7131,5311,1223,1987
1248,0,41,69,9621,9547,1923,23637,6873,1782,1125,968
1249,0,38,74,5435,9918,15434,57571,5492,2551,2221,1326
1250,0,43,70,2880,9647,15046,33727,7937,5533,796,1598
1251,0,30,74,36260,10700,23328,6914,9027,2890,1592,1188
1252,0,43,67,28860,13204,6175,10686,8828,4815,1103,2217
1253,0,60,61,4740,3219,7713,16841,6048,4754,1610,1292
1254,0,64,51,8565,10215,4798,6116,6515,2963,882,754
1255,0,56,61,3493,3986,8543,50212,6405,2060,1656,3021
1256,0,47,74,2056,5582,916,32283,3236,2292,988,574
1257,0,44,70,8765,3584,787,14703,6377,2966,1949,1535
1258,0,34,87,10010,5410,8357,39882,4168,2272,1069,978
1259,0,40,80,2892,4905,2173,20206,2614,1697,2083,1551
1260,0,50,74,4067,7197,13232,3607,4017,3944,2809,1732
1261,0,44,66,42744,16485,11664,4036,10576,2867,1645,1548
1262,0,44,60,47252,25890,15411,35461,2114,3073,808,1657
1263,0,47,57,15253,9776,14534,15866,2241,2955,2237,1680
1264,0,38,64,5318,5296,9718,47476,11675,4987,1632,1325
1265,0,35,77,7965,7577,4438,30122,2574,2627,1356,833
1266,0,50,67,7619,12983,3227,5701,3554,3683,2557,1498
1267,0,57,63,8325,4041,2205,7717,1906,2770,2505,1052
1268,0,64,53,5884,7892,4603,4647,3016,2580,2035,539
1269,0,70,51,13290,896,13106,12958,7547,3183,987,611
1270,0,66,56,1693,13095,5251,13804,1928,3508,2552,1731
1271,0,74,51,20023,5909,2675,6522,6440,5848,1113,1054
1272,0,66,54,5184,8463,18394,7173,9813,2901,1459,1024
1273,0,69,50,10267,11411,10184,10567,2509,5546,989,3533
1274,0,63,50,2365,25060,7082,25559,2926,2952,1613,1401
1275,0,53,61,3128,7992,10089,37588,3335,7490,1902,1073
1276,0,56,66,4032,8826,12813,30568,3788,6010,2795,865
1277,0,51,74,3972,6066,19698,20490,2984,4532,755,1167
1278,0,60,80,2469,4998,4756,25820,2428,3965,899,606
1279,0,47,80,11916,14269,19229,33701,4406,2509,1017,1692
1280,0,40,88,3240,2103,9362,35494,1687,2751,2885,762
1281,0,23,84,86554,44301,36020,66999,2694,2398,2553,2084
1282,0,24,80,14139,9375,6833,34144,11382,7047,1896,1860
1283,0,35,75,3406,22423,5850,37575,3306,7322,1830,970
1284,0,21,70,4093,7979,7494,78295,7627,1379,937,1159
1285,0,38,70,3301,6462,31333,4920,6160,3837,338,1629
1286,0,41,70,11726,3957,16032,3210,4134,4447,2282,1628
1287,0,41,66,14832,16830,10709,3537,4287,3473,1288,930
1288,0,57,53,2090,13240,3136,11605,1336,2050,2861,934
1289,0,56,43,4358,16905,3961,9230,4859,2304,2931,1938
1290,0,51,40,12758,14892,9901,11701,3140,3737,1793,489
1291,0,47,47,2835,13214,9905,15841,6075,2645,1153,768
1292,0,51,53,4702,9126,23281,10161,3189,5554,716,1398
1293,0,47,61,7948,11188,13540,22476,5343,2556,1400,991
1294,0,50,61,4823,5023,3646,4674,2544,1967,1417,837
1295,0,56,61,15482,8032,14911,5823,3793,4024,1741,1275
1296,0,54,61,3215,10875,14067,15855,2766,3805,1473,1140
1297,0,54,56,5203,11143,10721,9698,4941,1724,669,1335
1298,0,34,66,4510,26020,82845,47272,9898,2794,1914,2114
1299,0,23,66,9361,29352,49485,3400,5357,4004,851,965
1300,0,16,66,3845,20503,44121,13129,12934,3373,1959,689
1301,0,24,67,15811,7991,11451,12927,3998,3940,1279,889
1302,0,43,63,2226,4188,9544,23187,7166,4920,1316,901
1303,0,54,60,7940,9024,7631,7707,4665,3567,1278,1766
1304,0,61,57,4097,6560,6047,8925,4106,1990,1239,986
1305,0,44,66,1107,8133,4540,52513,3725,1500,909,1130
1306,0,41,63,7505,13613,4229,25736,4016,3355,1327,1737
1307,0,29,75,7254,6831,16565,28735,2666,2381,1953,536
1308,0,26,78,1523,11315,23510,6589,2290,2901,1130,956
1309,0,44,57,5224,30919,6301,5121,2222,6463,1301,1332
1310,0,44,56,3458,6392,1003,18758,10479,2008,1114,946
1311,0,53,50,11709,3765,1648,21762,6519,3074,1665,1223
1312,0,63,41,17057,11673,180,10750,2910,4128,843,397
1313,0,44,37,17890,42021,2926,4243,2173,1041,1064,928
1314,0,47,35,10677,11310,5230,9403,4804,2172,1038,1109
1315,0,50,24,2889,10334,2428,3256,896,2823,1231,971
1316,0,41,21,6472,21058,4769,3749,2196,2134,1060,594
1317,0,56,29,4442,11987,4817,3652,3108,2279,1774,3262
1318,0,54,26,11876,26988,14890,4459,3615,3368,959,715
1319,0,47,37,19320,6975,5739,16590,3398,2137,1282,925
1320,0,47,51,17267,7011,17583,20925,6683,3555,1713,1192
1321,0,41,69,11821,8726,7598,123244,2232,9655,940,1359
1322,0,44,77,4745,11745,2376,27541,7787,3994,1940,1569
1323,0,37,81,7473,14342,1997,54777,1820,2158,1782,872
1324,0,17,84,3964,15240,42427,63201,11222,1451,2141,2106
1325,0,11,80,2673,18721,5125,63194,4475,2843,1345,1534
1326,0,14,78,3720,11750,500,20003,3475,4379,1204,1309
1327,0,26,75,17875,8631,16386,20673,4172,4293,1024,1122
1328,0,37,70,5827,15330,8099,41012,4805,2417,858,1258
1329,0,54,56,1904,6017,856,6189,6924,2729,2576,570
1330,0,44,48,45071,28019,9060,5312,5733,2244,5157,1243
1331,0,40,40,6692,24101,10667,12837,7210,2807,1638,1303
1332,0,54,37,12003,4550,14672,2719,5479,3552,1839,1221
1333,0,44,51,20986,1027,34969,17548,8824,4582,1892,2111
1334,0,50,53,1781,21400,11780,6226,9465,3106,1253,1968
1335,0,53,60,8626,7705,9383,9116,3862,2104,1603,1556
1336,0,43,70,1829,4207,18708,46532,1523,3890,1505,416
1337,0,50,60,6368,9245,8947,2208,2805,3152,1550,1583
1338,0,61,63,1354,7059,4203,6545,2667,4678,1599,722
1339,0,77,53,1852,3749,1686,3433,4503,3737,3070,1731
1340,0,83,47,11271,8826,7019,31244,1852,5351,2188,760
1341,0,70,56,5286,9332,12722,37375,4274,2932,956,1223
1342,0,69,50,2670,11036,4305,920,4284,3591,4281,968
1343,0,60,51,2437,11357,4891,5379,4341,2979,1383,991
1344,0,63,44,6997,5062,3018,5600,814,2454,1106,2369
1345,0,80,26,7158,6896,442,2325,1897,2415,1010,2408
1346,0,80,30,15758,4736,3990,4397,7130,2846,2580,995
1347,0,66,30,8393,28456,4122,18535,12159,1893,1056,1378
1348,0,60,38,11288,9580,11111,97718,30193,10635,1431,935
1349,0,35,54,44842,28104,20387,62458,4009,1966,3125,1016
1350,0,35,51,50921,14901,6070,5070,4466,5728,4038,4731
1351,0,34,37,135260,100876,2676,4171,2806,3490,2594,5844
1352,0,38,27,4429,8872,5068,6227,3314,2772,4720,1982
1353,0,63,7,8946,16745,1764,3258,7917,6105,1485,3049
1354,0,56,10,4354,8685,2618,7436,4767,2118,1651,2566
1355,0,74,29,23803,8876,17514,2819,6623,5204,5244,1616
1356,0,64,17,45344,55467,3694,7303,4790,3672,927,1281
1357,0,38,48,7885,11393,18912,105363,3864,2391,2476,2169
1358,0,38,40,51465,38208,7347,1075,3014,5512,5841,2859
1359,0,38,40,7902,6941,8427,6463,3483,4065,2348,1028
1360,0,50,54,5623,7444,4128,18578,7112,5561,1251,998
1361,0,67,38,3862,12290,8561,6420,4917,2898,2130,1281
1362,0,67,47,25714,18454,3487,14612,4475,3936,552,2020
1363,0,74,40,15484,5751,3296,3185,5590,3921,1907,1024
1364,0,75,38,18304,8913,13829,6840,6769,5964,2194,3652
1365,0,74,43,5545,15371,15594,18990,6083,4887,1799,1862
1366,0,70,41,23138,23277,10505,4461,5661,3659,1796,707
1367,0,74,40,6333,12405,1294,8600,5770,7753,2024,793
1368,0,70,41,5187,9790,3697,23024,8410,6575,3170,1095
1369,0,66,50,1311,15808,27859,115628,6118,8018,4987,1331
1370,0,57,64,18732,8544,4345,60274,9178,3195,3720,767
1371,0,40,74,4037,12146,1152,25299,6102,2033,1470,1101
1372,0,40,74,12829,5154,7870,16703,11391,5882,1955,1303
1373,0,40,66,246,17135,9329,54743,11677,4026,2640,1625
1374,0,48,54,5507,9892,2911,11365,10383,2507,4118,1815
1375,0,48,57,4076,9573,17401,14210,2861,1996,1742,1148
1376,0,26,63,9868,22250,3031,60526,5787,1876,1575,741
1377,0,16,66,17368,19044,13223,58317,7564,1638,2176,885
1378,0,10,84,4149,5114,66868,52455,3615,6739,1014,567
1379,0,11,80,1410,18217,15866,16572,5432,3207,2316,623
1380,0,29,75,9426,6289,1857,12870,4419,3076,1881,819
1381,0,57,57,3793,16013,307,7226,3237,6675,2886,2421
1382,0,63,51,3909,6650,10267,30058,3682,4303,2694,1445
1383,0,57,66,7943,1460,38761,61382,6643,3461,1008,1112
1384,0,50,67,4685,13756,7664,25838,5170,2886,1634,1470
1385,0,34,77,4848,17347,9888,10156,3318,2129,1451,761
1386,0,34,80,2869,4372,22019,23977,3602,4942,2345,1345
1387,0,41,69,11073,6845,12130,20175,4042,2818,2288,2130
1388,0,44,77,6640,3312,27188,14373,4367,3993,1368,903
1389,0,48,80,29955,5853,13577,18278,14247,3006,1421,1522
1390,0,38,69,6752,38596,16974,24763,4365,2969,2564,1520
1391,0,34,77,7585,4542,9614,49601,3446,2983,1558,1400
1392,0,26,77,5023,8961,25715,39508,3751,3470,2553,2444
1393,0,30,75,4551,18171,12429,23155,7736,6758,1321,2352
1394,0,29,83,8729,10188,14036,45813,7340,2520,1088,3177
1395,0,40,75,6276,5833,12490,16649,8322,4082,2264,1347
1396,0,50,66,5229,16026,1688,37933,4045,7515,1548,1089
1397,0,43,70,6126,15457,20245,33109,6080,4331,920,2006
1398,0,56,69,3873,4636,6337,21125,2968,4466,1462,1312
1399,0,54,75,1891,6923,22196,25579,2592,5269,1682,1191
1400,0,53,61,14323,10216,3780,2205,9471,1856,2650,3558
1401,0,48,56,14464,37272,11314,36569,2157,2997,1818,3489
1402,0,50,48,3909,6227,7078,2089,4255,2584,2320,1192
1403,0,51,47,5823,5450,9493,24211,3896,4796,1428,1600
1404,0,56,56,11298,9975,2183,22482,8055,6462,2024,918
1405,0,80,47,20008,11202,1156,5264,6945,7491,2656,2595
1406,0,84,44,3161,4408,2430,4938,4141,2961,1289,2068
1407,0,81,37,7125,6226,10909,3888,9717,2045,2858,1731
1408,0,84,37,3877,6575,3462,16782,3820,7118,1413,1254
1409,0,70,53,6410,2838,1396,21887,3977,2607,2437,3180
1410,0,60,57,4735,7184,7669,3762,2361,1387,1513,917
1411,0,74,54,2527,6849,1781,5852,948,5881,1925,1188
1412,0,67,47,9359,9041,2441,3279,3852,2101,1511,1094
1413,0,60,41,26126,13055,10817,10450,3170,1712,1502,2180
1414,0,53,30,121754,96834,13698,14327,5087,3918,1699,2311
1415,0,38,26,5198,21892,5230,3726,6453,3006,940,2942
1416,0,43,23,12601,13034,4538,1588,2517,4965,3115,1557
1417,0,63,17,8420,7547,4735,6391,4703,7238,2185,1775
1418,0,80,23,970,9709,1040,8259,3542,3549,2361,1118
1419,0,84,35,3115,8491,1580,27672,7096,5880,2530,2311
1420,0,90,26,22364,16804,827,1716,1929,7551,1867,2561
1421,0,81,27,8716,10847,3657,10489,6611,4357,3460,2336
1422,0,74,40,19500,11401,2215,46883,2050,4305,3358,1530
1423,0,70,47,6147,3664,4767,35798,2278,5045,2559,983
1424,0,60,69,12714,8888,5373,33241,4378,5946,1584,2909
1425,0,43,90,8052,10009,61057,100014,3318,4715,1278,1397
1426,0,37,93,12054,10859,15856,61359,6719,3120,2949,1874
1427,0,34,88,28527,12976,7829,50636,7547,6166,3299,1895
1428,0,37,87,8946,7377,6110,26492,7231,6305,1481,1518
1429,0,53,67,8027,9239,2886,8571,2329,3328,958,2573
1430,0,57,63,26712,14996,25447,12423,1980,3486,1676,1559
1431,0,60,60,2701,16316,18933,18149,6117,5285,1821,2432
1432,0,50,63,9072,18957,16422,53655,3064,4906,871,1961
1433,0,44,69,3184,7168,4220,15943,1637,2637,1575,1214
1434,0,40,70,17797,11662,3120,53851,5000,3179,2227,1980
1435,0,37,75,590,8407,13196,17519,2714,2747,1359,1906
1436,0,37,74,3888,19501,6317,48298,4871,4011,1323,2677
1437,0,41,74,2946,5396,8689,7629,1983,3492,3292,907
1438,0,48,57,1598,16339,5657,3151,2600,2255,1466,985
1439,0,43,61,2637,8493,1896,41593,2985,2054,742,2736
1440,0,50,60,4629,7366,5656,18667,1898,3380,1082,640
1441,0,51,60,5703,8461,3866,21772,3433,6338,1989,3246
1442,0,40,70,4535,23770,26172,34260,2706,2150,1247,4884
1443,0,54,63,4260,5420,3818,13728,7455,5019,2083,1407
1444,0,53,63,8202,12854,23041,15380,7855,4365,1659,2649
1445,0,53,60,13840,18405,5044,29359,7129,8454,1816,1394
1446,0,60,51,4749,28493,9496,16842,6298,2993,2044,955
1447,0,53,54,19578,8798,861,31106,6893,4375,1818,1597
1448,0,44,66,12350,6332,20436,89388,4546,4293,1124,824
1449,0,38,74,1719,6165,8113,17678,1680,2732,1218,1493
1450,0,47,75,4370,6516,7882,7050,10367,3043,1853,667
1451,0,47,77,14592,16884,30851,43894,9903,10007,4369,1930
1452,0,51,67,1592,7889,11424,26973,4621,3187,2783,2555
1453,0,47,77,3217,7627,23904,123440,4007,7111,1200,1009
1454,0,29,91,8321,9230,8309,78682,2900,2118,1352,2388
1455,0,13,96,12511,9515,2683,126345,23389,2914,2135,916
1456,0,17,91,152292,37526,19207,63179,15688,13270,2576,3288
1457,0,11,63,87937,42266,5776,2219,1845,1278,553,255
1458,0,27,50,6772,8616,9938,4515,3196,2954,2782,4716
1459,0,43,37,18222,26028,9364,14949,2559,5551,4242,1545
1460,0,38,16,151448,55067,3563,2075,693,3619,919,972
1461,0,61,23,5376,12841,5431,4599,5406,6180,4617,2173
1462,0,57,20,62364,23661,2360,14267,3195,3357,2055,3427
1463,0,61,10,30905,23493,1804,3429,4520,4177,4359,4918
1464,0,70,26,11237,9445,14759,3339,2690,4435,2155,1489
1465,0,53,27,409513,94905,47234,6421,9929,6566,3647,3904
1466,0,50,16,1961501,250251,13748,21200,12305,19537,6598,13668
1467,0,48,34,26112,19561,10810,44600,11896,9827,6552,9190
1468,0,37,21,382921,225530,15455,47283,27114,13209,5356,6706
1469,0,35,8,648192,508658,12369,34884,32150,21697,18312,8664
1470,0,41,13,214796,74665,6703,16067,13939,12448,10671,3618
1471,0,38,8,1681320,123234,67132,55700,16327,21802,40496,31817
1472,0,38,11,897068,71802,24575,4159,8886,4136,5389,4519
